pH,ammonia.s,lactic.ac.s,acetic.ac.s,propionic.ac.s,butyric.ac.s,ethanol.s,mannithol.s,dm.s,starch.s,fqi
3.9240887,6.15441278235604,4.1623033537176095,0.8866076104480436,0.08879627926035623,0.051487352022822265,1.015835932383953,0.7959282865984258,35.5662594,31.853532676122487,40.57154302828536
3.9209069000000003,6.44288637671475,4.309856028691332,1.034648371984688,0.07240273959320351,0.05375775481920693,1.1351496774557823,0.9641712566130893,33.9349499,31.4645146390588,39.63930812417836
3.9100995000000003,5.927384884646997,5.007466193887161,0.8168783324787439,0.015180130664757863,0.05795110861548808,1.2994557734175343,1.0263123501956812,31.429009450000002,30.569746425918687,50.20258956189305
3.92499805,5.2936786083430825,3.732506941197194,1.2189902519496645,0.16855998370573982,0.052706902637749534,1.317349029849829,0.2944009522170048,37.1393013,33.03024274797035,40.23108788284131
3.9494408500000002,5.00354053149925,4.871680939885635,1.0599734947584918,0.09554242114991322,0.06059402838004513,1.2437178294362186,1.0974982553518116,33.365161900000004,30.764627778019953,49.8539389024865
3.8910358,5.753876635014995,5.033656481725467,0.6274846748954404,0.0033928281992915026,0.05668001015376117,1.3592131087114265,0.8717215217581539,33.2883568,31.432684675106053,52.85418957701738
3.8699536500000002,6.9296284897036085,6.22835149536435,1.5010985725023052,0.0976226965156303,0.07100954121106165,1.7930143911572451,1.1045420948803129,25.928804399999997,25.023714075371746,54.76934239470513
3.8363372,5.145077483164104,5.148360231958517,0.8256471316230052,0.0,0.058466120709628755,1.4322768661513252,0.9285566044423006,33.35359,31.388927235179388,57.07098982529407
3.9231489,4.9836693032497745,4.908214899436816,0.5536811540065782,0.044146479254446126,0.05493168114072179,1.0205524882234165,1.0008455850736695,34.7836609,31.43893335976324,52.99468709158846
3.95312035,5.773290433893184,4.770167361665729,1.1392307516455098,0.14005401600942158,0.05737173059251384,1.064953873478109,1.0601086352650073,32.76901435,29.85716120018004,45.51280945103527
3.89670835,6.118612867397282,5.499418557639316,0.8283851794227792,0.003911511822604321,0.05853982979467244,1.6623745484188985,1.0004517017837684,31.8090391,29.052544438772745,55.272006816118314
3.9544853,5.452710984217023,4.596749338265674,0.9319275143484014,0.03636880209619252,0.05844685775045985,0.7971532834563945,1.5531350033082607,33.33857725,31.791327501285522,46.65898143770593
3.91899445,6.176662247480902,5.611563605912401,0.7166173037194346,0.06072449033555482,0.06264438876583506,1.255443838881271,0.9425800981150876,29.93948365,28.310176623829367,56.49719348714502
3.9309101,6.0670870360261,5.434605073059002,1.1338920240220158,0.027842182581189805,0.06148513768357097,1.4459171995762525,1.1286528028464549,30.712889699999998,28.75467363901584,51.892428610405595
3.89821085,6.858383608133473,5.246667169674714,1.0039717386374676,0.04533478048115968,0.060412649117599554,1.36109254932859,1.2547717381593477,28.7859659,25.168815438960543,47.53068770223189
3.89509355,6.2532023162932475,4.95427797294655,1.0676392287036904,0.061673715326229145,0.06286349226137167,1.1756472820807793,1.069587811807613,30.16481495,29.657040009147973,47.39884037841318
3.9242566500000002,5.003188940146654,4.014013806104566,0.9320339713945773,0.0596415234996656,0.0518349035352304,1.2548827457192933,0.69487825541073,36.2461376,32.94885277054153,43.6999166139344
3.84671745,5.589264196945061,4.580704736472866,1.318932643761137,0.15060635522719207,0.06044218496930581,1.4358636775111724,0.4235079716694993,32.32705785,30.525620385505476,49.243016748095485
3.9362339,5.312307480619648,5.225763419379147,0.9096537790032544,0.09999672750258654,0.06102935452817458,1.315752390253239,1.167122028540981,33.0583553,30.463936463418502,53.18882558943278
3.89183725,5.6367600465699965,4.6459244483945845,1.2984882001052034,0.13423452740985334,0.05491854334052726,1.2813191547045504,0.5750937405346596,36.876720399999996,33.737816323234775,47.96685084575877
3.84311095,5.226355625737591,4.898577514766835,1.1331220000521673,0.03328409572583545,0.05766447238089866,1.6145829344845897,0.7137754986321742,33.1962452,31.13522729046845,53.57160621951179
3.8462485,5.75084442525373,5.202022136585785,1.024909412679025,0.0,0.056696138225255696,1.7126717213318239,0.8823065368137848,31.7922144,29.919718505158368,54.41897482636594
3.9360478,5.34924017565651,4.513844644846527,0.6788920702932738,0.03894678075974752,0.052737632584086425,1.10585401912649,0.801045721925365,34.9168243,34.663462817139454,47.95275949034333
3.95551835,6.3509052845424865,4.466855567710718,0.984721993291332,0.05565849850878113,0.05251347935666746,1.228489342185056,0.9395809786068603,32.666083549999996,30.330803194467364,41.197911161040324
3.8951576,5.787956014317881,5.548279830700004,0.8801018479075164,0.019443140744075316,0.057095867393467614,1.7394151035811758,1.1643853431895432,31.81695845,28.376942161459013,56.05965416181438
3.88810035,4.861310660769684,4.722555065554067,0.7447588660130076,0.0,0.05250017414427867,0.8872528044024868,1.3986244498654394,35.1689758,31.383480637218643,50.8293289016483
3.9120863999999997,6.491221872308255,5.722134655972376,0.7165235204219729,0.016979267334343403,0.06031484179726293,1.2658140205178776,1.2424459844112927,31.37028215,30.620987262116124,55.14225829236928
3.9203367499999997,5.300086515952756,4.5880167703643275,1.0742458059816316,0.044378885226186895,0.05038976095465071,1.162965342144771,1.083784773065591,35.4228783,32.375312226584725,46.33253745578809
3.9327693,5.624039522108211,4.042592395870792,0.7256643034053992,0.025994274798718433,0.048472432961999184,0.9825585368587058,0.8577367146038838,42.669033049999996,42.42858154778523,41.49363472691912
3.9009086,5.069006802541762,4.183574386209493,0.6534667912932168,0.0,0.0487904682324163,1.1503288803389475,0.8184934428481475,40.674411750000004,35.887040827902716,46.20435898370825
3.93450775,5.943658981747628,4.479821988160016,0.7162800494363097,0.050221033762613915,0.05204345155880757,0.8636012415409572,1.0355916074272407,38.5026398,37.238705841527484,44.304152182256345
3.92647565,5.525915716594481,4.355663728849643,0.7048264026587778,0.06339042120728831,0.04880678603966036,0.9526773334337341,0.6826842654080078,39.3007412,34.20851562913525,46.37739457785431
3.92500725,4.925418553685817,4.613776986072343,0.729381689743416,0.03781180539234148,0.047111367584575264,0.9425415564224382,0.9903186739098501,41.7560577,38.38515634400442,49.95716298913012
3.9093432,5.186410616835495,4.44939424531131,0.6818267733729243,0.014886242474278796,0.048679822067311626,0.9271268143136365,1.056741117883993,41.041646549999996,39.144688760050144,47.242641973531384
3.9321634999999997,5.381624310486728,4.8233135339776965,0.9147307386734336,0.0,0.05513960385062328,1.3979478019737297,1.20401554885715,35.41874505,32.51576257749596,48.40074011904379
3.8667571499999998,4.821973915360907,4.995887802137291,0.6373639054231766,0.0,0.05158625503359466,0.7902678963893301,1.175365262281827,37.168615349999996,32.6010545338535,57.277299085047765
3.95392715,5.70056597077069,4.634422510661484,0.7710312755092588,0.03152518121915231,0.05036298173485336,0.7416922922126294,1.1028830930489595,39.2954426,31.772452553083443,49.20773398540219
3.9697417,6.01370951194826,4.2979488492047615,0.9031501217644757,0.06544588776869603,0.054563350527092505,0.8493230781148527,1.0580166530185737,37.1721096,34.72328603512084,40.61828894956336
3.8824642999999996,4.698869548551835,4.494624819484722,0.7095844048828781,0.017878200674972124,0.04983350280867363,1.1084621222527598,0.966199652747556,38.554467,35.61847303790224,50.75404384069951
3.9588193,5.331492081015413,4.798989483882096,0.9942224092993555,0.06348646496122183,0.05117397936493639,0.8780377400101167,1.145550269649152,38.45929375,40.78994079804886,47.604445169755586
3.94743015,5.811007277317929,5.098720702574779,0.9253769342952751,0.04300445328277241,0.05775277180295791,0.7162013414679662,1.5500389784251087,34.5194435,33.22717654609343,53.19124371412541
3.8984916,5.815215532281338,4.91955332186154,0.9464700930367383,0.04303796828475764,0.05487766766896443,1.2462774711413154,0.8185235845712535,36.1507378,34.11887564304157,50.44147251566188
3.9359902,7.252443797806081,5.194832598647007,0.7924141252206045,0.024215375427390145,0.058922540868439885,1.261782812752001,1.077066799051683,33.96649935,31.145857187802157,46.34201096040352
3.9089606,5.919405600962603,4.486974734694327,0.8545755734463114,0.012776780138359776,0.05406316023613322,1.2373822091669902,1.1033501221623165,36.3558655,32.42786806769815,43.99628542684518
3.9751605999999997,5.445420332405369,4.119587814774803,0.805747613642716,0.037224696460016464,0.0464817318260675,0.6454768077039548,0.984369510315314,40.9732018,38.15821497671275,47.21953741204589
3.9277839500000002,5.073923601040773,4.190762413400405,0.9740531311150729,0.05747188606443981,0.050432285822388435,0.8949016333180664,0.9931327550303327,37.46254235,34.63879724553199,43.57236614301101
3.9067594000000003,5.1072460244925555,4.907704659326768,0.7019421615476298,0.0,0.05009052603299509,0.8938293830067839,1.16065771200324,39.6119404,35.7438568428724,52.10889204028248
3.9061007500000002,5.196861268819036,4.5972975134269145,0.6465227830333509,0.00894798236607074,0.04981409769248417,0.8776652202013158,1.2270036962821025,39.79750635,35.94006481087115,48.03899343751429
3.8637618,5.124896047552055,4.811940152646573,0.6066797706074406,0.0,0.050788996430671224,1.4586972144517678,1.0218629177994196,35.3448982,33.51671786709635,52.77156742140816
3.8642982000000003,4.721863881670659,4.363713192287369,0.6737140010907057,0.0,0.050017460032506914,0.8614171013674636,1.166025990079699,38.9155579,32.752392108474204,48.90226249588193
3.9671842,5.789263779253374,4.731562282674032,0.9080117329210311,0.06844918763246274,0.05019486409921972,0.9134175914638223,1.1199927374652654,36.734626,34.29779782447738,45.40199113663992
3.97397495,6.041919308939301,4.027361201669575,0.8967332124600831,0.03819313291043883,0.05044840860326017,0.8656633722236489,1.0055101700928497,37.388921749999994,33.578883166653135,37.3864593167242
3.891147,5.337765128958058,4.5615642465004775,0.7925363866379735,0.04481385769764301,0.05074114749485234,0.899333049978652,1.0498954762922732,37.85757825,34.023153332661416,48.0542133732695
3.92888105,5.51090913275706,4.678804201260432,0.7702148364816783,0.0,0.04947820984820231,0.7052292279412499,1.4300246912383543,37.45823095,32.07944180578065,51.20134161881282
3.9307525500000002,5.278596261358266,4.7644896287739815,0.841618880863546,0.047729729358761186,0.05583904678061388,1.1804828647511947,0.9845151996989313,35.6747093,34.25112449133059,49.63096466912427
3.87573255,5.790319703203462,4.5061446361099975,0.9221108061103453,0.07916300539156688,0.051634669127573654,1.1317700101815622,0.7444019248647009,39.13857075,36.352359224738954,47.06001383201568
4.000031,4.85620532473348,3.5829851827767696,0.47685966207354236,0.0,0.0389037794579557,0.6755183230912443,0.786092439594462,54.39694595,43.641877253104866,44.183851249816215
3.9369844,4.959236336289355,4.223832117123727,0.5647282063242289,0.028415057241853763,0.044710744645319364,1.0233761963909123,0.8802811715465235,49.210392,38.77544869521787,45.853623251014135
3.94175995,6.57935107128705,4.990370446948046,0.5901455400675389,0.0,0.0509856446946049,0.743162500913942,1.2042791410766907,42.09425545,35.42475159558788,49.69126548673123
3.9628669,4.553529263948237,3.283696129332705,0.7008641050406246,0.05127685024217604,0.039069184062596574,0.573544150495751,1.0517184079819646,51.84594535,39.40706134432832,43.68081077505849
3.9590913,5.039886715594509,4.298035042076348,0.3854269338333277,0.003984149936107771,0.045321390384761046,0.8052772639182495,0.9436605538330755,48.461166399999996,39.01694462461522,47.24577768959584
3.9115659000000003,4.584076694292014,3.864858575205873,0.5388506683494199,0.013799984291761202,0.04297608039434828,0.7388886276129418,0.8084494064386771,52.85471535,43.81306607716507,47.94393976389292
3.8568895000000003,5.1260238057813465,4.470137548918374,0.619158087092232,0.0,0.04596385747450131,0.9964414420535062,0.9756383171540015,43.79211235,36.574237455809104,49.42702522486819
3.8943156,4.577474626182534,3.85477668376143,0.6002213426704253,0.0,0.04020108089861017,0.8988535625033911,1.0610067398023197,49.0034027,44.351089665243606,43.43022087351966
3.9765692,4.538232976745075,3.57673256379492,0.5770386182917044,0.019960572527254267,0.04054304640631578,0.6181216224552231,0.8338990515645972,53.316486350000005,41.0018411610496,46.665805961339984
3.979232,6.192756401543125,4.607293221860925,0.7939291844409428,0.018949626564680837,0.048622899230868294,0.9603322848650618,1.1901519623069254,43.954044350000004,37.68004171028615,42.56227981843519
3.917176,5.111423812604051,4.284288965887608,0.6344896505103863,0.013492112645083505,0.04453952815974986,0.9815198744296373,0.984115657174573,47.613546400000004,38.62203123099988,45.89577491504274
3.8857013,5.6243483131766485,4.930815029844759,0.7152988712415251,0.03460046621592902,0.04920556194685448,0.8399842350827251,1.0099639715807205,45.15649985,34.38506558457527,52.47615383578897
3.88416385,5.588594569120536,5.079152055149109,0.8865972467092468,0.010290093523294897,0.05050523163182555,1.0976495001096778,1.3391814818765675,41.6580276,38.67252540506546,51.3957554073249
3.88756465,5.813395672167333,4.999365046694959,0.6440090796542759,0.0,0.05025769787008555,1.0808934522720834,1.2166428879382876,42.25540355,33.112936958600294,50.581306862888916
3.9524473,6.119562779331189,5.044887456944624,0.5125496068563957,0.0,0.05161817140608148,0.8761300432037936,1.3029495811037428,42.25472834999999,37.4357945074263,48.00435600148401
3.95499075,5.696494126013697,4.3211626702061405,0.6697950440201026,0.0292443039022712,0.04823872797467585,1.0482816390292393,0.8398869672700642,45.16944125,36.593181848975775,43.82807458408609
3.9648285000000003,5.316788257894159,4.156374373205759,0.4887534318041035,0.0,0.0445812523957945,0.682992498957036,1.0267925459081455,49.354133649999994,40.076393100127135,47.3921403649219
3.9526025000000002,5.059776135798918,3.5158481686738674,0.6127135585571866,0.01715593642137422,0.04070398776558663,0.626678529808993,1.1962308782197044,48.5288258,41.199755001668656,42.34301439798026
3.9430223499999997,4.865449058482939,4.257550248633327,0.5820467959154871,0.013577155074969403,0.04489576673696469,0.6981348312425018,0.9456654943912657,51.61008835,41.900600035927845,50.789349443292075
3.9234898,5.191386012392908,4.3273064790058555,0.7556700975315858,0.0,0.04532020693197379,0.9049719358770525,0.9472084406665128,47.569664,40.55835536081659,45.92938304759845
3.9533299,5.115544829810382,3.8744684978351502,0.7270271152475324,0.0,0.04476599005034565,0.9170133938634479,0.8913690397136025,44.7885742,37.227006318447366,40.9236090882079
3.91927325,5.0189272638004425,3.8871389201823123,0.7284519639744389,0.013483393084104468,0.04156810259993106,0.9712687477287499,0.9856862115462497,48.0317669,40.24308561100368,41.80119941315389
3.94425165,5.222026671294898,4.3586000353297845,0.4130057420384019,0.01027116199274351,0.043826734754708024,0.622743907608623,0.9441840794745844,48.31622505,39.45094173594843,52.5526922833561
3.97109595,6.117130072166814,4.763781478185952,0.689396973163542,0.04108398617108382,0.05325960616959387,0.9065855158460127,1.2270464638488365,42.2293625,34.44952364820613,44.71169995272612
3.9481596,5.860792474093876,4.491894863247656,0.6731355492189961,0.01651103819425232,0.05018259864016844,0.9983180957934636,1.0867712335051682,42.675670600000004,37.174430012256565,43.9805438739374
3.8759167999999997,5.944942122017466,5.287994054801697,0.5443954061752888,0.0,0.051141603634391464,1.1121870023534859,1.1387028902352099,42.719253550000005,36.458596823199684,53.92480364652336
3.8954492,5.3624711632338355,4.907169599687927,0.5519841289404658,0.0,0.051211793348743324,1.0918232293601409,1.0525289078232247,42.1705475,37.44131512775669,51.94974071671162
3.8789784000000003,5.2514031993625405,4.652715865922145,0.6122927901939742,0.0031115770488706687,0.04575416482177112,0.8376199480535801,1.1475449363926078,45.9249897,43.08601911668785,50.401022514716495
3.89784285,5.772568812914146,5.15206477747648,1.1176399445663354,0.10856415823881968,0.055889556249425654,0.6678760167757596,0.8755025150007889,34.81362535,30.421697251739463,57.631454399675405
3.7612766,5.723793653456967,6.173002640962872,0.7468228241511545,0.0,0.06262395014547495,2.282231002592378,0.7473852590044079,29.246703150000002,28.74387486784887,67.3206860020383
3.8357633499999997,5.580682383124586,5.1906985102035135,1.1446319655732153,0.04939573522776347,0.058934965313809276,1.2041139234429354,0.8008567100813956,32.5613804,30.526518239621755,55.09498018601802
3.79605425,5.611836937536202,6.178093569525396,0.96034531499682,0.0,0.06309914998545849,1.4288201364552098,1.230367823688194,31.246423749999998,29.895902171357672,63.476514206326904
3.7564130999999996,5.662256048732581,7.5471033954631235,0.6736790219556543,0.0,0.0772973012307884,2.7983473521812794,0.4873581789048126,24.2851906,23.310585370164684,69.12165163049055
3.7928855500000003,5.848133851592548,6.448658606803303,0.9018902674717354,0.0,0.06705272214246988,1.7767270673458713,0.8128130808767999,27.932796500000002,27.585742590786815,65.02659983542789
3.7470062000000004,6.394984028097749,6.480976226758347,1.0925633554264493,0.0,0.07014512027436154,2.1108287770792185,0.8199444529773183,27.4547205,26.7061812035541,63.17549199204437
3.73239205,5.761864760491067,7.270532003009695,0.5476989521361041,0.0,0.0758293362382436,2.838418801893514,0.5655612134012626,25.5294838,26.3282509936324,68.93978065159132
3.7972395,5.876653179654659,6.691062404651714,1.2058292901694276,0.0,0.07026971136683918,2.2186332534881883,0.961337679932208,27.6735258,27.480972731547805,62.69819700056724
3.7752378,6.64643518759682,6.242372219436114,1.1845843277072874,0.017214239485365136,0.0665857638695384,2.131375894017543,0.47903664602162777,29.1233435,29.847293088341594,62.82186651481111
3.75953865,5.894971369491179,6.283401576907009,1.0008003397397558,0.0,0.0667203482452433,2.1038331836082715,0.7507212831034702,28.4649229,29.17178910903939,65.55438744914629
3.78301205,5.930326385741553,6.0848493862119675,0.5606412846020974,0.0,0.06441202542424249,2.231600444224128,0.44996324118067205,29.05997945,29.09095209993832,67.61135681056554
3.700253,6.354566950550993,7.837956488367928,0.9346523235972537,0.0,0.07244702567893661,2.4316199335327773,0.8101101098558815,25.00924015,24.643425767565468,65.25400859667836
3.8482837500000002,5.343464672160405,6.584316634970849,0.9700514623171363,0.0,0.0671550830256315,2.143245405889723,0.8011196037361918,28.89332675,29.01090932076525,65.34678063102155
3.75217105,6.110831539586979,6.934801099946396,0.620298957368662,0.0,0.06969318667587815,2.400974950054904,0.35335715545163565,26.9474869,27.60808420591364,68.17636898764182
3.84999945,5.6896706124899925,5.578683784024927,1.1251944822961828,0.0,0.06220531889463948,2.012493153855596,0.9311764918590226,30.51799965,30.077897095644474,57.995367298254514
3.6779349999999997,5.699633238424478,7.947694593604689,0.6297042056694824,0.0,0.07388379433943532,2.8019404079080528,0.8663989421305829,26.670179400000002,26.080776471433484,69.01190280495616
3.78043295,5.702105100429023,6.442714563673477,0.7782067365382166,0.0,0.07390806286817586,3.199468519867982,0.36708787880241833,26.225682300000003,26.61562653025892,68.71943895869254
3.8438482499999997,5.896574585702212,5.671420105757132,1.094743627305895,0.0,0.06615470819556857,2.2435485770264982,0.7333006951511953,28.95711325,28.607374919472157,59.50839577271564
3.7594041000000002,5.814268488826609,7.178983103292981,0.6157609146343481,0.0,0.0696845568230989,2.66205826580845,0.6737130198601741,28.18086435,27.401288967285982,67.51213712719726
3.78538175,6.021286185261414,6.6022912230129265,1.067716805448176,0.0,0.07189748564893143,2.027027897963027,0.8626522796069008,27.05426695,26.53406054687737,63.55311531441117
3.8616887,6.305727733706002,5.992401990900534,1.386528434354024,0.017365271449513345,0.06382871067113816,1.5742752172933978,1.1173430693136372,28.8043089,27.20162451294527,57.74796085635981
3.7559047999999997,6.25588825557656,6.6496505233818635,1.462255723011078,0.0,0.07037093942915001,1.7371616566690078,1.0507201817520067,27.7509041,25.971833642284395,60.6697266790316
3.6474047,7.191270180866155,7.743673185209836,1.6842323559906065,0.13193839175183208,0.0739377934769404,1.2987622214814512,0.6191457200751151,30.607804299999998,28.246938441485497,60.90972506320164
3.6465587499999996,3.931470909137512,9.91705395044453,1.3870841945137897,0.07023895324194097,0.07912886157399904,0.9941575836725911,1.6154489262774594,29.01425265,19.877990467701586,71.51572330619254
3.73988845,6.346762534104466,6.211059422171584,1.2993183808850732,0.17980963876921033,0.063929829062156,0.32376836036711,0.7695693447891707,33.23101235,29.84800264464746,77.77188441991794
3.635347,5.900340755300178,8.17555928017362,1.264957591093079,0.01913558118952573,0.0756617143926746,0.9261996023322292,1.2501717434591884,26.9449644,19.724975717437413,64.55559672170534
3.71715355,5.929108461465978,6.504782687635908,1.709986177293786,0.18061910876129206,0.06848107867007436,0.28197161761699385,1.118974871427226,31.20837305,29.182194429653617,77.4870778855573
3.99248765,6.4546431574703265,5.218614744076373,1.0073386582371913,0.030527472681073885,0.05752280423437432,0.7670712993224997,1.659890957252795,35.69888685,32.18209415019391,49.70265824713706
3.8395947,5.545248395342859,4.697573705975823,0.8630672182117535,0.0,0.05320681662904972,1.3373499113186,1.120822815279936,36.603828449999995,35.05953890508901,49.357702389001446
3.90288795,5.9179078000694805,4.4604617507821285,1.1091392891191592,0.041953192548304694,0.05279677372705166,0.9124819641702029,1.1493003509216657,39.26902195,36.6994670759947,42.495396811681914
3.84922995,5.11128903435242,4.9227782661576,0.8826194215534361,0.0,0.05457385128839799,0.9228357053497352,1.3475424504540192,38.90973855,36.162480684122016,52.41623722368175
3.84166515,5.682692058793544,5.909329745155928,0.8046177811780197,0.0,0.06363773016172493,1.1015128444260127,0.9423212676852575,31.9854717,29.913226496527997,63.22705271899225
3.839064,5.674831965947094,5.081832937189796,0.8176596672619555,0.003932506232974999,0.05758063104373551,0.8852065264940693,1.1015853037284846,34.81753925,33.552788414438695,53.38302872569315
3.8264022,7.433182222796871,5.795024297363064,1.2867851205246157,0.017460866802080432,0.061807142523048114,1.4790377181011165,1.0010473016932044,32.0017996,31.916146860459776,53.14711809070781
3.8625843499999997,5.7193650887056195,5.683447503289742,1.1302940044300098,0.004549542384887851,0.06352098720592635,1.6176689665543753,0.9573856106984293,33.4820881,33.34579362210741,58.558537030947114
3.9029391999999996,5.820358725386251,5.144995905132847,1.0100367312904779,0.038451409206980376,0.05870659275362042,1.6056341938346348,0.7739188458952406,33.65918925,33.40289970340292,52.72543155411993
3.8574634999999997,5.827545906103964,5.249341997216559,0.9405281828872977,0.0,0.05727296757731146,1.1354339687247805,1.1379327479515458,34.7145462,33.9612870806963,53.4372368275789
3.86616705,6.0224310774598635,5.241571447061666,1.4316350206011887,0.020362403125639868,0.05884786597272082,0.7641277958992416,1.5358815647684563,35.152963650000004,33.64411038500722,52.409483138046284
3.81635015,5.954317304729359,5.498710221733367,0.6414618736965525,0.0,0.058268159615175355,1.2738413364625316,0.9280801353000019,34.9582958,34.405445508509175,58.758709970398534
3.78424955,6.528960640481808,6.446644867792656,1.1055297605302983,0.0,0.06195795746392504,1.254175049823035,1.195570655596416,30.930643099999998,30.381760453579286,59.75916715997162
3.8782353,5.605713300778765,5.657906140457045,1.1569375177397117,0.019007075813893503,0.06333638904361767,1.0685227000416875,1.2984509465475265,34.309806800000004,34.04864861395908,56.61798929201665
3.8582226,6.58719749193499,5.675977206763915,1.1677042881675639,0.0,0.06350744571216316,1.3918409613458314,0.9999120910356711,32.72620775,33.530576708526986,54.850629003163974
3.87530195,5.402106590390003,4.983753230644457,0.9825723318300761,0.001326285649689285,0.058270441274685975,0.9804393618532282,1.1691338333335248,36.5416565,35.65344426241147,51.37709379694077
3.82407525,5.335040829891652,5.951437503180896,1.0368754677742298,0.0,0.062025871969556085,0.9415053484353447,1.5255419917302024,33.680009850000005,32.76553840206291,62.77029363451344
3.8153293,6.10973935072686,6.546286628093558,1.1766615494611252,0.0,0.06583919933548907,1.393485208826125,1.4444333893045473,31.0149946,31.44934972362844,59.90610500724214
3.89932275,5.835115318241374,4.417785791577378,1.192565391805073,0.02430223107815473,0.05699898927596796,0.8842922595435748,1.1976023135356693,36.44527245,34.0391928927912,41.819184385016364
3.80051395,4.992346106040829,6.334718832063123,0.7998035794439423,0.010463350261919326,0.06516315580556681,1.364117152633583,0.7748848597754816,34.4268532,34.0881624386842,68.7892047775645
3.8267366999999997,5.905360919417271,5.61769977260257,1.1806173879101505,0.02990891530158623,0.061182833559957586,1.1522435889535871,0.9907762624515455,34.64113045,34.40718730196351,57.62152948758283
3.8430784,6.7282678096992345,5.86803438805444,1.4381181969907986,0.0401792065783432,0.06625691660243013,1.063345326693801,1.2550667201748205,32.1044273,31.19762765246855,54.28755601968992
3.83265135,5.695236138738123,5.822226081890776,1.0830065948893421,0.023448422190796063,0.061853533637624844,1.2373170411483774,1.079593266431063,31.9424734,31.778724217915492,60.510725046662074
3.8798346500000003,5.660086609237391,4.726444752593813,1.0997757048916994,0.03621692715513032,0.056454794180690354,0.8204463279702621,1.3202654358110677,37.17409135,34.8842104915928,47.76291728611536
3.79736745,6.29543487830758,6.511885991069176,0.9521875516145721,0.0,0.06698060532534386,1.7799705012281997,1.0523529551816866,29.924022700000002,30.872682417088882,61.74468395782281
3.9379461,5.562051013427026,4.750082528101958,1.0582670396565748,0.05261032079930848,0.052218039790816274,0.7177888777156913,1.0905127213544326,39.71138955,35.94140398170748,50.84527541770972
3.8932911,6.159989402653759,5.305140045488884,1.2299650414549639,0.0,0.057941890563654355,1.093751507023292,1.3082200236736938,33.9344692,32.55178908130324,49.908021589120615
3.93131545,5.585453706013693,4.435129622018925,1.155628038504541,0.08842854122911528,0.055830291454893904,0.7838685238028082,1.1545223211648206,35.64775655,33.05443442058247,44.906521379177384
3.9629135499999997,5.381249442040399,3.9690147986002753,0.4915014864431176,0.0,0.04355977942465081,0.8028480695475151,0.8446870611553025,47.454982799999996,40.101144560746434,42.79425235898698
3.8411087,5.662749088023604,4.122591639542116,0.5708018462778979,0.0,0.04563968813000518,1.3254686701807135,1.0749451620117403,41.63688275,36.42878984364675,43.43341211756873
3.9236245,5.060767011242811,4.025833491330011,0.5586836805372603,0.0,0.04760679539997649,1.2400589034323048,0.91290591909422,44.907590850000005,40.26612144032809,43.458980460913985
3.87204015,5.706296066843947,4.690862632786872,0.8967882835320056,0.0,0.05254587069589142,1.371978926454903,1.0601706590378481,40.051647200000005,35.27382288235836,48.00908142391639
3.8682176999999998,6.440170662735924,5.613280799444569,1.224532395169271,0.007337889873234169,0.0628539403969178,1.324743009517025,0.9930002453016173,32.653381350000004,33.90371088446757,54.26330318004954
3.86751415,5.757482891836869,4.831526906296141,0.780920568682846,0.0,0.05192462072742604,1.3692140515817273,1.0297684978044461,38.7074623,36.22193683834165,50.13738512958698
3.8739984,5.681834906921967,4.448120747101198,0.8045917575081823,0.0,0.048981897301560426,1.3526328683285858,1.1344756578751218,37.65798005,34.12222545178241,45.426490766216034
3.86825075,5.950418725115801,5.350268414627415,0.9367907268422055,0.0,0.06182584306022294,1.8594666863211016,0.8866846524152764,34.076654399999995,35.24160758023529,55.0935368568137
3.86427425,4.986408191007853,4.923227955057467,0.5722169488045554,0.0,0.055110905672023765,1.340582349531648,1.1042294485619868,37.793096500000004,35.57223499243793,54.09487491079766
3.87603775,5.865905566784457,4.210840394889002,0.8171025124534023,0.0,0.05169364240834804,1.2992071805036152,0.8492245573321338,38.93279075,36.8998360267122,43.45799108269381
3.86929475,5.362469142722534,4.493000551274055,0.8072624129940498,0.0,0.052640887428357076,1.2067102776333996,1.0932758291079996,37.842022650000004,39.5090122466505,47.46727322840007
3.8860123499999997,6.104748589195662,4.167290805749372,0.7200879172429322,0.0,0.048779893877569175,1.2996318548698649,0.9978944338178357,39.291124350000004,37.26822937312495,41.48493590770163
3.7751449,6.466076485727174,5.586735817605161,0.6405415904617273,0.0,0.05682346665029497,1.467137029572513,0.9326277953841713,33.440410650000004,32.30544702113283,58.75395180258462
3.8978027,5.728693797550626,5.014353799681287,0.8272450943269858,0.0,0.05845393217829939,1.718605746775197,1.0316108040167844,36.06104085,35.287585617456244,51.27986186939762
3.8222321,5.6494049635030485,4.921250287849344,0.4815390205176442,0.0,0.052388178536706353,1.767385787003206,0.9994890481454628,36.9518219,35.23583279189967,53.09589491978243
3.8052256,5.336658566693108,5.051883857174831,0.6820106341858032,0.0,0.05749056799784957,1.5035830722488488,0.9106753125312852,35.65067865,35.173965563667004,56.612765213937266
3.8141061,4.834370482220329,5.23510131904033,0.3833489077457183,0.0,0.055210156642410343,1.4005509723571343,1.0751218829177538,36.94969175,34.549783987942995,59.503285951462296
3.8406639,5.824066522850144,5.084387996171637,0.7903752271837727,0.0,0.06075563247028341,1.605797569590388,0.8859617158027475,34.83679195,33.32897117982583,54.01255419812711
3.8621068000000003,5.695555553430534,4.43539674660836,0.5725901534933154,0.0,0.04912248283303002,1.32357373001389,0.9474829796581732,38.282316249999994,35.897352935671,46.85899905219824
3.84384455,5.543424984907697,5.199204161305783,0.6437320998318665,0.0,0.05564870287656485,1.922503306459209,0.9616480586874939,35.6879349,35.153374396709644,56.20444812234431
3.857118,5.826191478991651,4.8779576826115285,0.4872370826736505,0.0,0.049809751980779,1.303628664043706,0.9925431565286751,38.01462555,35.132324558659015,51.101601065098784
3.8556303,5.28797833863945,4.659903471813307,0.7729762399469092,0.0,0.05391678019438691,1.352390784427139,0.9618317436865627,36.81954575,36.340013288780014,50.747421554381084
3.9051777000000003,5.168847900867105,4.3089647477841915,0.7330767773674495,0.0,0.04998563310633419,1.25187701341369,1.2459553450284269,37.4254112,35.77273478169581,44.854781427760734
3.9020941000000002,5.43730435248338,4.356902361960312,0.6859382605525908,0.0,0.04750300104468945,1.1531197809033762,1.1844052342559324,39.4239578,37.16433691262329,44.791664011077934
3.86687615,5.484876497156309,5.069191805516723,0.7862023610206347,0.0,0.05705671336222137,1.3770778376051647,1.0824741344094466,36.654666899999995,35.47192387583869,53.52021104732018
3.9154659499999998,5.328007029370306,4.587942543144785,0.5509315480917242,0.0,0.04834117311043157,1.0566800346318699,0.8728462606395883,41.4534111,36.298665346974076,48.99653786340082
3.8775577500000002,5.642675594793142,4.564342619734463,0.6666831362563597,0.0,0.047957007577724226,1.367566420503127,0.9143278275789244,40.1447678,37.7841512249516,48.25914592572659
3.91665885,5.443286677437982,4.233010883014506,0.8183010293999025,0.0,0.05379194665435909,1.2031313997640956,1.0012485078727988,38.456356,37.99552808120137,43.53959945358479
3.757062625,6.358531557676891,7.0049452647924895,1.202690092804446,0.022655397301196763,0.06792945924652621,0.4204405264226243,1.4566945221975627,27.223619925,27.575850987641125,72.5465160995098
3.9124264500000003,6.530967951215471,5.023696105511188,1.2425732068558286,0.21385335642201758,0.06093507269053938,0.2475755386245909,0.6531149861485047,28.570299624999997,28.745455738052403,64.96706653221723
3.78750415,6.1377988921494895,7.153198414665892,1.118082845402533,0.03965369408103148,0.07197185478782844,1.1428523160707338,1.3797547658601013,25.844423749999997,22.715089523970104,60.754343488480245
3.91202855,5.513869243101469,5.792464007127798,0.769328557716865,0.09000584131262873,0.06248047493108177,0.2360340803025302,0.8814332087604518,28.4908247,27.639651843561747,78.59573369181392
3.9308082750000004,5.338875964970092,6.569261113637474,0.8566832733010982,0.04773881232037512,0.06808324156621412,1.000272936945271,1.5827563217933767,27.274976275,24.093685347638658,61.42236031059462
3.8414693,7.189149130599717,6.456168706623844,1.2443592610796461,0.040884363506467195,0.06807746041348686,1.278822451621119,1.0262442010382844,27.047026625,25.14726774837501,56.021023806033014
3.7435629500000003,5.117363435380595,7.522690174569362,0.5072694865845571,0.0,0.06777331821098065,0.24658980076446463,1.3077492283371204,25.571554675,23.607228312405336,84.57020245612406
3.74980545,5.428670432483898,6.857344607125523,0.7365575043481383,0.020210474578055505,0.06736563299894599,0.6786796320328832,1.1424810065911162,29.290932675,24.57046599626233,72.00202905367702
3.7908789,6.110095779407997,6.658704283708218,0.7237572180530862,0.0,0.06514865939318276,0.688047207330089,1.4880906317747749,29.09588765,25.188390263436514,67.49622772057505
3.87675005,6.149532875955763,5.596523491515796,0.8394912118919745,0.0535301151207855,0.06335442270147415,0.7367115832445265,0.983075587168758,28.955268875,27.06762971529716,60.39005957632154
3.86821325,6.114561654270325,5.775742450290284,1.0795660831223157,0.043071660460894855,0.06520744377820399,0.29772470682089525,1.4542026024012011,28.516966824999997,26.190858155956757,72.14705251320247
3.72945685,6.566149150889311,7.749080991294015,0.8284937998940697,0.0,0.0701461033418372,0.781919501341187,1.2168473522721515,27.046803,25.3800125530439,64.51366551444657
3.77457455,6.114337593395712,6.668860979222924,0.9257896602733406,0.010866040887539457,0.06499933063114882,0.6106036721092911,1.328102696894009,28.907552250000002,27.926373992675103,69.09940365191909
3.895039975,6.7393072582575355,5.848739181038528,0.8700745619965893,0.0,0.06365115477045463,0.8106788758404679,1.5299320880282745,29.4587927,27.524117131617786,56.807154393247195
3.78978135,6.470602790026874,7.01776532770954,1.1505688557054987,0.0,0.06647657986397737,0.33443259712765494,1.7918666108477566,27.5634055,25.14024848095899,73.87354893490537
3.7822243,6.330469674006004,6.5214638349509935,0.6711377182745502,0.0,0.06317678253477385,0.42101071644684684,1.2230819469260545,28.739724600000002,26.226982765274553,74.39948292451052
3.7309785499999997,5.522457875437436,7.176090900797375,0.514481413288714,0.0,0.06610096120891822,0.7493895118951198,1.3229177854915173,26.543704175000002,26.601302960275806,69.60735058932912
3.79883255,6.076571010283233,6.351166583131484,1.2658618383682383,0.06906303981814285,0.06498622888949088,0.12749013900474915,1.566628041743296,30.098289975,27.63632240835382,78.04921478067371
3.8632294,6.760272271807734,5.94155099510119,0.9714108056277632,0.0,0.05924077877577605,0.7395676414815229,1.426767969974731,29.472865575,28.096102212624547,60.0267929303824
3.905726325,5.7972133338363765,5.137426990374651,0.7515260015126759,0.0,0.05688660984059675,0.41008569905293235,1.1887317273082054,30.388094425,28.840395922646177,64.24786123179929
3.937909775,5.641095771973816,5.604112899577676,0.8739092924363199,0.10425540227802331,0.05950331787628011,0.1242578243294465,0.9028397915011527,30.8479886,28.570033711646087,75.52767808828916
3.85828745,6.440594477091475,5.933377239171554,0.45027609433243143,0.0,0.05894229423042497,1.9812362063177853,0.9744715259101207,29.625186925,28.268903041970233,60.36113143577337
3.7052484249999997,5.87058335788641,7.810387388779224,0.8362029089355465,0.0,0.07080213965904059,0.7127230870123336,1.6002939417455104,28.167820925,26.40314046344093,69.3881706826036
3.7962649500000003,5.300730311286488,7.045191937555261,1.0325965688909027,0.09046117117772899,0.06910340747225655,0.2131775733700439,1.456152712804096,29.7568264,26.114903823838883,82.06285396129572
3.745758,5.564814013046124,7.27912995306458,0.8028503409911957,0.0,0.06807693766467993,0.21421165661130417,1.4709891243191993,26.67356445,26.793411089444568,83.30088144776518
3.8094275,5.900507253623552,6.191483585381051,1.0776191413796925,0.008197058501805304,0.06277738935708674,0.2638585888344741,1.5798532335106097,31.232174399999998,28.134334735466464,77.83425010822921
3.6905194000000003,5.956818454480947,8.356252477598854,1.6059944236034904,0.027060495984772164,0.08008364708922358,0.3197914174477863,1.9304500596160477,25.480016225,20.946999670223875,76.70985345455621
3.9186172499999996,6.036548804924321,5.056000611684982,1.2216881668547819,0.17561018263863143,0.060598747031276476,0.12936569505661571,1.0451923592636265,29.780619675,31.406557009774758,66.20043618083857
3.9830885,6.206878170468217,4.831203390573737,1.0211938055356962,0.08664428040866806,0.05188290308742026,0.6565338400891603,0.9486911517857763,41.4205274,34.790237423583,50.99936845578824
4.00643135,5.669716143153339,3.515483713327623,0.9469367581197641,0.0583709497327814,0.04534644512654065,0.4333214438019286,1.0067068974818623,42.62035615,38.823784332666655,44.774042050217055
3.8331882999999998,5.30400604017397,6.258129005489314,0.5528620515508929,0.0,0.06524688735685027,1.2179449584212203,1.0846173323593828,28.9054251,29.094234523955816,65.54915899704237
4.01138245,5.4839624291595195,4.713517725238029,0.8319756068371225,0.03328499866908038,0.053124437780181555,0.8201222704657449,1.122872888379327,42.8079789,38.30852285434961,47.99748876938173
3.91266845,4.991174416743217,5.544371207739283,1.0127552036278247,0.0,0.06581594670393986,0.39954287582035236,1.8579635405040862,33.1691322,31.787355526607627,70.35932688920124
3.84693905,6.1754523013060645,5.25842523064571,0.9525610869123375,0.0,0.05977958598689334,0.7151628303699409,1.18423538814779,30.0165329,29.54728317376504,56.389861983062296
3.8964810500000002,5.194952211526282,5.139497671087156,1.0041094627705551,0.025328634400280332,0.057284946263962876,0.5670821208370465,1.3757527305417945,34.15148925,33.80759348794911,61.00770264147121
3.89823185,4.97430136376728,5.190411312234161,1.0938583391506613,0.0044097115756318965,0.06000394367716294,0.7488451444044246,1.360297432979316,33.72898505,34.115861251211626,57.01733164639225
3.9051447,5.831105848742271,4.920955522922393,0.8357918141527245,0.032453282484778814,0.053049957583501374,0.9029952345677823,1.2949712165016278,34.81878855,33.71286391406298,48.42661608795384
3.90526045,5.848756422337498,5.0969919211508525,0.6516552173324769,0.0,0.05639906597610683,0.9060829130317787,1.0904817764678305,32.61902805,32.46977977284994,51.71406358830054
3.93260875,5.664995011929575,4.6620195684883425,1.109185739322936,0.07404078557384627,0.05409519186323265,0.46349806253169507,1.440852595212371,35.62452125,33.299545497047816,55.4113667012837
3.89808325,6.0701487051142,4.85511749979376,0.5785489934849728,0.0,0.055482693895886954,0.5012823192412712,1.5313846590074216,32.759509050000005,30.89047520736434,57.5298979735975
3.93532195,5.992429458157611,4.585734955810693,0.9987402423850461,0.081515985834365,0.05457545807896323,0.5944650576272239,1.3781139110509937,36.8613834,36.20116508196479,50.162750046612445
3.8385267,6.349244069967166,6.168437072293976,0.8294359828233543,0.009458607635094894,0.06206103174919532,1.5416529274521014,0.8344469698146011,31.89724065,33.04918557898794,62.16276551078275
3.8661619500000004,6.366530760621975,5.289626056857184,1.3748215391968772,0.06530890582826164,0.0589956363991184,0.9239127338221289,1.007685756071028,33.0790482,33.89186650170681,50.30677896778
3.8730558000000004,6.411415642582239,5.76879293881213,1.2208048066664996,0.0043113094493108595,0.060249441086722214,1.0085491812877874,1.248725160525741,32.3303585,31.7360055845302,54.674545684841284
3.84662285,5.834096014137894,5.472329363235463,0.8572449006066611,0.009383560612639986,0.05904110963572466,0.5096756252116067,1.420154235736978,33.63744735,33.62980876720667,65.65403026869728
3.94038595,5.80658283557189,4.588345069191831,0.8216516511627634,0.004496389176487627,0.05290860332111454,0.8415756366274414,1.1796206794984267,35.248029700000004,35.84749059703199,45.29181109413169
3.9158204999999997,5.925417981048892,4.9175575618969845,0.9714309336295994,0.06461368178337039,0.05724496600152937,0.7714619827455789,1.3176706584604458,34.42139625,32.26306929520623,49.8412426830854
3.9192635,5.74356140363576,4.661929781827897,0.9075727817489918,0.05286676393762378,0.05501501180134545,0.8207456568234646,1.049553503241945,36.0001259,33.505355256527785,47.71661206213122
3.9418558,5.305754146285915,4.696885198330497,0.6784531414519042,0.01905360196802305,0.05101288651353668,0.7056089472043281,1.029083857668573,44.223838799999996,41.088756329244426,53.306001985026725
3.8366984,5.9876586795676054,6.404697537464259,0.6484681334044182,0.0,0.06168807535769333,1.0644882298272336,1.6383949738598567,32.54260635,32.16368128626312,61.878064413687355
3.9012699,5.242764706273961,5.160776255130468,0.8290179005896748,0.0,0.06008630251492947,0.46151106089430316,1.6780659816600196,32.9199562,33.533584262423,64.59588748162344
3.9247855,4.8160599446940555,5.795848606402913,0.9490142440745626,0.0,0.0620583567527084,0.37280925289562106,1.9536545777017449,33.62215045,32.39613326032406,74.50273944527272
3.9235314,5.194544433571125,5.059366020130687,1.153220206534141,0.03241686338857165,0.05859211888423177,0.5520565225075909,1.4544206584694517,32.875795350000004,32.418182341724574,59.200004665850564
3.9712423,5.646941108088344,4.31360425998821,0.9829584134414586,0.01695994588853652,0.05473443833608134,0.21338825474982426,1.6324553885882334,35.515955000000005,34.6437557367299,58.110371003884474
3.8310586,6.1352766642241034,6.532897439230577,1.4201527440143777,0.043744994473510566,0.06469197699177796,0.3933647922429174,1.9556811572092863,28.35607435,27.16485620423941,71.32851079560447
3.97653415,5.784613631592456,3.7566794186827766,0.8794850699013712,0.032645918362135595,0.04695024749184404,0.7750567118200845,1.0765103706900563,40.96119925,39.189010583502494,37.59989769669522
3.9716778,5.9520820922973545,4.556956588002029,0.8063066974709476,0.029543166334435725,0.054048010623753306,0.7096791292637619,1.1778733930063137,41.53564075,43.95266982577192,47.319777811263016
4.0215316,5.348600813182003,3.7489300177720253,0.5883028627543934,0.02109470263971243,0.04876347435975539,0.5792157723520717,0.6407754047266122,49.329545949999996,41.862788580008086,47.46640915295912
3.8450017,5.068906074965424,4.311972376468569,0.48030290694351063,0.0,0.052267087544522056,1.356491886342471,0.9871091399663625,40.3971291,37.834725988271586,48.152624159703294
3.93006195,5.631938162837562,4.37067554649963,0.5457380887339996,0.0,0.05058251036305106,1.0378031344018388,0.6406604608400639,44.9030724,36.03474475810421,46.256456732203596
3.81753755,5.390492364149633,5.941926654773145,0.4696532144684553,0.0,0.06314168472815267,1.6751895962668222,0.9137178960634302,38.9526806,37.858798617888986,65.83870765681179
3.86111435,5.225105009121269,5.002756940150759,0.26964307092234985,0.0,0.05251252996182071,1.2798065877239186,0.9884154101579252,38.80504035,40.26762855419169,54.71259429019618
3.87979305,5.3658032954123325,5.070805543827648,0.9014530601496007,0.0,0.05448882729185008,0.9675179179131872,1.287071162898878,40.0857754,44.00397519012092,52.20790410290054
3.9289943000000003,5.787397755536613,5.267184495883508,1.088727587283718,0.0,0.05775298830737034,1.2772390649419305,1.1618303076924719,34.63780625,31.46096515002655,51.21783771341882
3.8445419999999997,5.937441614926765,4.529711417236233,0.6932392535070169,0.0,0.05232554308593804,0.9265983004634301,1.040769486536825,40.375526449999995,39.6160860555354,46.923387920154184
3.8673021,5.187540378242967,4.675978089978066,0.45331972946521193,0.0,0.05161094272714671,1.0493537101332797,1.0219515144394586,38.92510795,35.80136803626789,50.95014242010572
3.8613057,5.542208740249403,4.287378993338077,0.254652627480688,0.023257930762894286,0.05623743486146146,1.027819454955206,0.3014620700510996,39.0889789,38.93806149533163,49.13355086667896
3.9094549499999998,5.800559181722961,4.724924736442886,0.7063812092931905,0.0,0.055773290454021476,1.6389187591902146,0.7894773287873189,38.058562550000005,37.32692315814373,49.24709039397951
3.90449515,5.608122927989015,4.483364731256969,0.6895540763006164,0.0,0.05106016272460315,1.187514384259547,0.9823182492920797,41.5188749,38.94164220614109,46.485736638203136
3.83966075,6.093386664680569,5.9000884643945835,0.5283493508288499,0.0,0.06154098917591931,1.9621793478668823,1.0724960663271499,36.96963695,34.46651703640082,61.304584707090896
3.862416,5.582086203550973,4.812684239249407,0.712652138290224,0.0,0.054352612807314224,1.4865422061555036,1.0485488892601533,37.83816805,35.65631688204061,50.911707580568844
3.8831759999999997,5.404281050471726,4.379352662684154,0.4668315768497579,0.0,0.047892070401747644,0.9403313007830557,0.8605928845629847,41.47027145,34.221289319176016,47.284790725395744
3.8248626999999997,5.9707540650711834,5.242292470217791,0.760053177159165,0.00012570375280863077,0.05629376888916741,1.1790941686141956,0.656097565752332,36.17867645,34.16806991902122,56.87591731528331
3.9350861,5.309147864103279,4.134957547303929,0.6419974223382854,0.0019042181216755575,0.048288429939133744,1.189601367670377,0.7507338936305024,44.6779785,39.90734503475014,44.23391271859116
3.86019585,5.706077300794795,4.2782917407136605,0.4133910259185308,0.0,0.047687947176506235,0.9871090987366654,0.6949848227394753,44.78053535,36.841580635156234,46.427745664282256
3.907997,5.636233111169874,4.557910617422052,0.8206138020169954,0.0,0.0552294999799401,1.8248653802093666,1.000933227119139,39.421409600000004,34.76516249471184,46.563892796048016
4.01508285,5.838375066327662,4.707417212851548,0.35688533042507514,0.03263435182944241,0.049221646125665944,0.7697859375312626,0.3982442446696663,49.52124190000001,37.403356087172924,52.11789836708914
3.9208895999999998,5.104050399918808,4.460536162355906,0.5206801156049319,0.0,0.051673924717582934,1.152265971407299,0.8740386967556855,44.348371549999996,38.709471929621024,48.32325093882311
3.87372985,5.590253630306031,5.309602929444544,0.5455556946864158,0.0,0.059009045684196446,1.91412085439217,0.8841614202915627,37.48064635,33.14341791229783,56.88068617426255
3.83310285,5.348720837410541,5.529536357341037,0.5185321149372288,0.0006582411305716599,0.05774330864634409,1.2073791652933124,0.9654229025577505,38.95994345,34.17802823090633,60.827161387247926
3.82212615,5.497393600954382,5.215188683512432,0.4726261560310587,0.0,0.054262426211250755,1.0469653870275197,0.8836501052968828,39.361985849999996,38.544428334086355,57.49704290752612
3.92607305,6.040268257788117,4.104369710091789,0.75786851104756,0.0,0.05195229659500717,1.4895196182092607,0.8010754220501486,40.7579632,38.41818098752027,40.875152606166594
3.8667549,5.197870885436387,4.832985431981388,0.5520251220258994,0.0,0.0547469357112773,1.337801464472381,0.743905275456034,39.001356099999995,33.86835580188036,54.058917090799405
3.9968217499999996,5.354487635903039,3.4257874464563454,0.6174586353719307,0.0028919378003321567,0.04470150602769485,0.7606307056809618,0.6511923811261748,48.170926050000006,39.92257601138491,38.90055063777494
3.8649480499999997,6.333791745174969,5.230003016658737,1.1186810520227586,0.06979547139520313,0.06275094058874588,1.4419246187603572,0.6706418543549457,31.23384665,28.87987122271349,52.66496716388477
3.86007775,5.655940793795286,5.020121052428574,1.0610796426672926,0.07464960182098436,0.06684372141968405,0.7513461074611589,1.0749030995175617,28.162619550000002,22.68215490505828,54.54127753771867
3.8412955,6.717864110114272,5.648775479073162,1.1470765689086035,0.03242158372667124,0.06569392519416961,1.9997878712564547,0.4300768681029783,28.31308175,25.608494829078452,57.46025781742183
3.88184965,6.564385779572032,4.979738008423059,1.0628350763012109,0.09684173892641315,0.06044173584443292,0.9711609914948797,0.8266959088675747,30.26502705,28.848429378139222,48.06349722279708
3.84607385,6.569397921288715,5.3341799448342835,1.291711621605447,0.1129918280818442,0.06569781738959021,1.6263057439604234,0.7148190891500623,30.55749225,28.58751443114616,52.373243640267624
3.87604845,6.125523673808697,5.176401334397639,1.3622865714957184,0.073958054654524,0.06193770665915903,0.8403389381837201,1.1101689861148416,31.27721595,29.370771971950024,50.09299728664614
3.8437042,6.693097574967552,5.399479025162416,1.106799863521698,0.058446188199580765,0.06252606660531368,1.4918705218597728,0.9084355383844915,30.16153815,27.810068982808378,52.50989445105337
3.8168955,6.442770707876534,5.3158384661782545,1.0677515509896973,0.02553914957156645,0.06310002520040844,1.0391963683772054,0.5643598063135505,28.1016712,25.552045210974363,55.15363979583374
3.8307729000000004,6.603237467628945,5.082569129445156,0.8416960786005052,0.04664682443134398,0.058228703902927344,1.2842459940328466,0.7664921846882642,31.8190212,30.652624949364878,51.609031506118995
3.7583425,6.329229677263182,6.28031972538069,0.9014558684561772,0.0,0.07401631980612552,2.807486261146812,0.4106311111892076,25.83886145,23.608374062041445,66.07879453655592
3.88194455,5.881418224800974,5.215074536496267,1.008576201021332,0.08588714370755075,0.06041024501649881,1.2930574930963505,0.7628010908619598,30.916832900000003,28.97667465628795,53.84572561205659
3.8935101999999997,5.547531302531741,5.512064893021189,1.1692961015546612,0.1325764204686171,0.07191844167349129,1.571912370906837,0.8508506377562546,28.249469750000003,26.596040091983134,56.938264646956185
3.79485965,5.9171430838924755,6.42868257884147,0.6806139285017805,0.0,0.0680133706706871,1.9311297429807466,0.822947100757213,27.8470383,25.940214420057472,65.46956133619192
3.8198256500000003,6.142249925349724,6.811363524019918,1.1510365344919515,0.02744147942846001,0.07404301938343455,1.652598730924793,1.135503439965879,25.850605,22.345478209402547,60.466170602879075
3.7968893,6.540443497764413,6.283573867034189,1.0759524154520674,0.06941420220624002,0.07458532013572852,1.6685741694030898,0.5431307085075361,28.106637,25.7570630358449,62.848090532350895
3.8877875499999996,6.457948161171995,5.906677816259082,1.2202628951590873,0.10997884211439087,0.0676021538971435,0.7456676099244508,0.8963943838562938,27.545041050000002,24.521801056812198,60.822895025215885
3.80902745,6.020630167088672,6.009999673997166,1.0390103927346659,0.01524667514518001,0.0644293377872389,1.5591557862948475,0.7764601019211277,28.170310049999998,26.6832398287601,63.53067195907692
3.80443205,6.457208564800484,5.859252038868149,0.9178074536989931,0.019921762418236066,0.06804632155926874,1.3489978044260287,0.8403360696990867,27.6449194,27.027703758450947,60.63146373917267
3.79010515,7.14297324347732,6.707468407838521,1.0021522624871224,0.01079532920874534,0.07512579070793712,1.9915493838728957,0.505000750442787,26.65080545,24.349918174218104,61.213019871280494
3.8517733,6.586295319714322,6.052860126057617,0.9602381824011995,0.06276042629466183,0.06696052711984264,1.189886890684624,0.7747939641542075,30.530259100000002,30.40111273883425,60.63649019704687
3.84108925,6.765009098709169,5.45884045186903,0.9389327313414453,0.07760873485684293,0.06710965947746722,1.4676510569093744,0.3167049788120408,28.4475956,26.35667190486772,56.70497429674214
3.7987275,5.9065459321822935,5.243227888440604,1.27401838207019,0.0,0.0659078116639007,0.41765690297397995,1.4077033664779213,29.0338392,25.357929721598317,64.71271428264444
3.8651874,6.324670526701206,5.202427142267293,1.0045468116898826,0.10226217632360647,0.06094998652280602,1.2420146828766572,0.7074140465040839,30.92258645,27.799477953320288,52.713454866279896
3.7861708,6.165614425210792,7.40452709107559,1.2194591272411563,0.0,0.08170941250000871,2.7673240271797206,0.647800283225422,24.87128065,21.860280227733824,63.39228613547076
3.87753985,6.121635498824748,5.269717990182793,1.0479503744930831,0.059482270531408366,0.06289479373989457,1.3340210066704228,0.7134747026278765,31.056388849999998,29.154931047882343,53.70238040103503
3.81543615,5.966148229346725,5.46370938754894,1.112217202485259,0.037265627032294434,0.0661957961640467,0.7493332173041931,1.1698000709621783,29.39961245,26.9517038170232,58.66648758497883
3.79735805,6.026086323628645,5.747449477751413,0.8044788324687031,0.022431439821811047,0.06636298287942494,0.6727540218764798,0.9523439100693085,29.521536599999997,27.31122970641667,66.56278360847332
3.8499774999999996,7.027469671849773,5.292003700073255,1.2592775208387645,0.03230319418142104,0.06252701235455448,1.1301600900188773,0.6699479529646395,30.51527025,26.524605864348093,50.4165833166103
3.8620855499999998,7.0331551632829665,5.911185593324282,1.304474743514692,0.1321911432126404,0.06669647236635272,1.17547186155383,0.9476908102667072,29.19128225,26.838022951660456,55.26611825364318
3.84092365,7.059904853367972,6.609829559718427,1.663782006658398,0.06461164041878076,0.06988280524384366,1.0647176986734674,1.061955320437946,29.79798605,27.60318019524928,54.48359471183543
3.8446066500000002,4.845364162305474,4.840947551791162,0.5056045395243983,0.06089362502898688,0.05616462326604371,1.1233738255988066,0.8807789661520872,33.82474515,28.99663782157896,55.36555464465563
3.8836199,4.856556734112781,4.504119354764569,0.7655731900486986,0.09682833281686062,0.05692669246962112,0.744207812862937,0.9440652214675327,34.988691349999996,32.224970049262474,53.56034128723478
3.85686195,5.55423864032981,5.132375953127701,0.7053814847943214,0.13931310388582765,0.06148722015968683,0.6816712540893681,0.8083997084229746,31.36560155,28.305778057313855,61.020102363088284
3.88837075,5.0414712208363115,4.242050552345209,0.7961395287637685,0.08972595924368618,0.052135270940412634,0.3936551213824028,0.8889339329839969,33.913116450000004,31.91251474989391,59.55903118419678
3.84218405,4.794189513851057,4.095784458056148,0.6678528021245498,0.049440917094154754,0.052627864807053275,0.7450836886297441,0.9679644770226978,36.53336525,33.77012634762666,50.418382070083524
3.89036535,5.3849249695357075,4.629512455772423,1.0046470246840025,0.1130919826781879,0.059402372521072805,0.8438239873539921,0.8649397245117477,33.83473395,31.91308256290099,49.34577576697399
3.87568405,5.996131864668021,5.166151164079061,1.3726224337301276,0.13376629190083134,0.06409204299406007,0.8034617959826109,1.06847160328375,30.9214439,29.489178656115083,51.661245758198326
3.8787020500000002,5.797982625935895,4.989539377251104,1.1104309109568802,0.11378246213764771,0.0625266649756873,0.6901263760076353,0.9331855848115742,30.213892,28.67317333981591,55.36210162552894
3.8227376,5.674186768557481,4.853559512354059,0.7792777831607586,0.09344001763892656,0.054703483023123764,0.6593886228386023,0.8225861623342354,32.654281600000004,28.930432772363712,58.624812972141996
3.7729764,6.0217825709411406,6.442770910821997,1.056496159482576,0.06333352105411601,0.07231167517480377,1.6299569090688784,0.6399870569347648,27.789796850000002,26.45138337375944,65.04352071939272
3.8670657999999998,4.859191524734822,4.991763541044715,0.5876196646109214,0.03497501043317895,0.055839269791524426,0.9933650627379316,1.1241320572909221,35.29065325,32.809517825729856,55.166607246302185
3.8525499,5.831779705865507,5.860180435583907,1.08031806694889,0.10571804540910457,0.067370433988128,1.0747123873802977,0.8846403501817053,30.25573155,27.23228640642237,60.90518153681417
3.79321375,5.72088777690898,5.885396070712362,0.5803988883317018,0.011274135276316051,0.06663991287424234,1.4676371805772126,0.6638617888939713,29.749633799999998,27.477800104947665,65.82133167547036
3.83511615,5.164047040591455,6.334550243669867,0.6905610507273032,0.016252446113713973,0.07106754472493654,1.1734905193804352,1.0781454099225456,29.05686185,26.531786692211472,66.07448498870718
3.7906811,5.653660533748758,6.017402755735463,0.6868333446829866,0.07345684575712286,0.06889210244753813,1.4126655523205294,0.7436033366629304,27.693170549999998,24.689457858726346,66.99521171038786
3.8468970000000002,6.07385737920734,5.014806907789568,1.2502016677036436,0.16377272215253674,0.059909124337074994,0.7966385328479462,0.7519356730554299,30.59732915,29.167083134662324,52.76260595376066
3.865167,5.673075830221961,5.210865871634272,1.0560588104859865,0.12328042147232632,0.06346759542901528,0.7514773570372331,0.9041985239734815,30.88364315,28.206421604193636,57.32569216025291
3.7886151,6.101650610575495,6.035737554477908,1.0078520805574445,0.07817092838345244,0.06877217273993971,0.8608954624218779,0.9009295228869125,27.0476475,26.11998754084407,63.482260578973396
3.7954385999999998,6.865630197385579,6.21518740659438,0.9283972872321403,0.09113070759927488,0.06708502599282108,1.0626806368455726,0.8862229381523756,27.4147501,27.444379441991508,60.54115914584664
3.8723824000000002,5.540191450929223,5.050021949328114,0.764375030224914,0.08632729932882197,0.05438940143687718,0.7022524474751095,1.2147198497687626,34.18032839999999,32.84812563478412,56.958488949487915
3.8103187,5.98766553262689,5.487618665362479,0.7775427481170939,0.09367735900503898,0.06040293371588264,0.8132550071961762,0.770710000051809,29.5561762,26.614114777079024,60.750490655302684
3.80065235,6.075990744215783,5.840795719423557,1.3350928388976362,0.0634047963166481,0.06445825419089299,1.0337288017392896,1.152598036489405,31.2535648,30.68758872097466,58.549177767573866
3.8774792,5.672322673657799,5.145952788245438,0.8752038253276619,0.08090434357191124,0.06198777950734103,0.9749142330778752,0.7877615832346558,31.49740885,28.599031252263085,54.474588394650866
3.8946213,5.1460990699280185,4.469623825739431,0.8749771035271708,0.12263096868561456,0.055254703702672145,0.8445259872917258,0.8143999732669975,34.0553436,31.82834932484393,49.22466430299805
3.8932935,5.265559895703202,4.262669300131798,0.9210336945150173,0.13850445638770498,0.05710257261078551,0.6080706056993692,0.6767271562762218,33.4982071,30.253262045762433,53.4712815901386
3.8209131999999997,5.35217395904874,5.244749709177389,0.8974253391500899,0.12803578985696779,0.056529666463750974,0.6747667735860534,0.8995646565486191,32.3735313,29.691032067061773,62.86547777121524
3.83142815,5.736823136569798,5.6324268853111885,1.1553652738088878,0.14727791673110724,0.06332308195662989,0.7552160928223949,0.9032253421791625,30.295709600000002,28.426383899968354,62.004848292404155
3.8498645,5.29558878442764,4.877599450629887,0.7160841355514147,0.05206139446491313,0.05291543105832166,0.6003024217472177,1.0073061751135315,34.20012285,31.366900641894926,60.60887202984589
3.87764575,5.726141127300282,5.209816653237031,0.9897931805302473,0.1446460398293229,0.059452254924270226,0.7877482132520972,0.8345334341758428,30.71193885,28.30992612694921,56.457515039325685
3.8663418,5.763670337075209,5.154904028079006,1.3878329480786982,0.16680185387063054,0.06661402893229784,0.682019117269569,1.0101182038430128,30.69964315,28.229192972663725,56.210440229618676
3.8446628,5.458860157744019,4.104977003453662,0.6475244014473016,0.0,0.050299372155425896,1.170542717641008,0.7676803873091973,40.790639850000005,33.35127526807362,45.50137506114638
3.9337765,5.609558905908132,3.774648855372921,1.0872901843595182,0.10824978898759313,0.04973300139403823,0.6443885022947773,0.9178069284510474,42.0506096,35.830422896740345,42.823434125279704
3.8753767000000003,5.536348122678302,4.041241774575926,0.7286807088067175,0.0672901603458752,0.051927239383314186,0.9625920041899865,0.6959653426128185,38.4912758,32.654612418663085,44.06149246266643
3.9287455500000004,5.403938373603808,3.511659573024006,1.0721528325299947,0.09527437365515176,0.05064993872709714,0.5464689879454758,1.0238661067952335,40.509244949999996,35.55978056569418,43.05910458610031
3.8887176500000002,5.805420711392294,3.725536801691146,0.8317821317728677,0.04760448180642368,0.05184198928056964,1.2184466561658103,0.6130869149982232,41.0785751,33.946474479470446,39.18974862260327
3.8915354,6.199056141030394,4.185177120530802,1.1328590546863835,0.024419030477646916,0.05293272376788806,1.1302809694089846,0.9333276473189842,38.53814885,36.00254156958996,39.667887850705476
3.91299295,5.991207644072004,4.5773108613571,1.2720987039632883,0.06750150216508528,0.05734807604622424,0.7422288125668628,1.2905344062619895,36.332139999999995,36.18746398694803,45.385490472638644
3.8497950999999997,5.86462400656154,4.182435388989338,1.250479057275773,0.13199356209859506,0.05371866391467953,0.49531436964458886,1.0329351678636756,37.039995149999996,32.36071924250192,51.16130745489346
3.888072,5.496307881663005,4.16954017680065,0.9757845804181041,0.061319799674492026,0.05087696831351833,0.5244292686060943,1.1960083335635154,40.51499175,36.39057627071169,51.0863586358372
3.8401114,6.07163202346125,4.7039287503753595,1.0268965425934615,0.02821357822178959,0.05694169042389931,1.329521241039738,0.849173650545478,33.32248115,31.843697776729083,48.03254531197533
3.87690495,5.317456168491827,3.822660228005965,0.752425212633513,0.06463480684947655,0.047163062329426256,0.6825696566677992,0.9944322635547623,41.10738755,36.905961414982706,45.96089268074511
3.82017455,5.686118076570356,4.650280345940103,0.901985679807664,0.021370091846450313,0.05749793927362021,1.1935845361155684,0.7947794239613333,37.620155350000005,31.250820049276054,50.26506636853787
3.8337822,5.3729537349303165,4.399501640767066,0.9930086192459421,0.01959387778830127,0.05773486778190702,1.3059357039801607,1.1043652771974801,36.86855695,32.2172142456263,46.405631365956424
3.83386985,5.536974110752561,5.63210713910454,0.9655551150581776,0.030280207942988305,0.06207001818811596,1.0089362648011937,1.0970889164092719,34.271303200000006,27.357019669470844,59.44172122275565
3.8967381999999997,5.533922695216858,3.9757715053511564,0.7626798688096013,0.10135923902127089,0.04938274665834244,0.7112881547922583,0.8083392353972481,38.0130196,33.00931428455163,46.42473215203687
3.8681928,5.512762508323439,4.149167169543471,0.8849972755710758,0.0738887266220183,0.05074139686850984,1.167195746693309,0.794161365646776,39.001661299999995,35.55871289224607,44.319570787708756
3.8537773,5.336317995861272,4.021386967014752,0.7973735763913039,0.05540458547392106,0.048393298336220296,0.8371331368042358,0.8867209598623429,40.685312249999996,35.91434739018242,44.776834215007455
3.8859194500000003,5.410880752132215,4.116142932444458,1.0936687875353914,0.07879069808442875,0.0546694289664405,0.6067590348048684,1.299689754634253,36.941963200000004,35.04509712695459,47.737964824332614
3.8462749499999997,6.252668483054155,4.544386207752794,1.1699359038820791,0.07785357530727063,0.05786010205987552,0.8298768991481984,1.1220085828399748,36.9740486,30.83545440058418,44.49984434793396
3.84644735,5.8548916239824695,4.829908242319608,0.8747542509902866,0.040326385720501096,0.052543468151923976,0.7843153223477363,0.8330220727169773,38.7708511,34.54353529188392,53.18924304684946
3.88742745,5.827191401331879,3.7723616366448605,0.8847713286602017,0.10563524900622115,0.05026231022179557,0.6315651926877102,0.7865880437488637,38.0378704,32.5097620862701,45.03569907375927
3.8430084,5.602305670792687,4.164350699303326,0.8539844051570268,0.021904079539807813,0.05018474218749623,0.8345503038513902,0.9140229815712702,38.96232605,35.18398555696679,45.26527657774069
3.8713610000000003,4.875260665843864,3.9884673439951053,0.7756604578512625,0.0,0.05202071295092165,0.47252690778721235,1.4697926897655331,38.673719399999996,33.171641077670934,53.84893767674335
3.8794614,5.002833953978966,4.079692942472069,0.9263507344014144,0.09038056762417546,0.05125194505503142,0.6402437988160802,1.0680107616042878,38.43787575,32.02203618040666,49.93529661513441
3.88531995,5.307357716450303,3.712925033209073,0.8888886252388698,0.0880979842658662,0.04990209176582379,0.5994772219855509,0.7534982854806749,40.288423550000005,34.89765018195001,47.469785198775774
3.866438,5.616338320972588,4.397794412715639,1.013611659070705,0.07879723277268437,0.05062133284198876,0.5545629392391502,0.9442081699995041,40.396356600000004,33.77780560497104,53.955800009438846
3.8914324000000002,5.459060365936366,4.205799230579782,0.9314047981196252,0.08594520426637511,0.05150634766877427,0.4820584980606639,0.8889389156429595,38.35709,30.89358936974697,54.458383555251274
3.87731385,5.928188362085009,4.088530766088808,0.9402827286356019,0.05790830322647973,0.047418901602600885,0.3977412621587493,0.7989923059124593,40.47011375,33.24167150568314,54.43106302178921
3.8916271499999997,5.570913466748396,4.165141301202851,1.005958797234399,0.09769086864197082,0.05018600793417989,0.5564781391161708,1.0258158559885704,40.854944200000006,34.29893504437186,50.51796663282466
3.90701755,5.224848935845154,4.459953317109321,0.8555936982575896,0.020634116847118644,0.05112415519857189,0.3052155013801571,1.4203302642771423,41.392339750000005,34.053127879245025,60.98277962308936
3.8342990500000003,6.361120471816343,4.86605529154038,0.9189330041834272,0.011077416691463152,0.058300240529999554,1.4355015787975227,0.7135881809771971,32.70764735,31.198854740349827,50.00742469162843
3.72851645,6.0530294475304975,6.066525997503508,0.31128214775548485,0.0,0.06395782897112588,2.9934317178377823,0.6078899137345437,30.9743185,28.660547022815233,67.6967695069714
3.80581235,6.524229484591976,6.041977387857347,1.0593947626713165,0.0,0.06583122950380277,2.139571333915461,0.6052617696037274,29.426911349999997,29.323295579661025,62.445494588449534
3.80619215,6.642080709744263,5.563318155494941,0.8776834947106253,0.0,0.06601367309455256,1.76935442834935,0.7305525822037673,32.222097399999996,32.71893001368791,57.3661590842334
3.7731905,7.205472395330648,5.110237191215898,1.4048432169514395,0.05152858657758301,0.06457372912300607,1.5528371730763084,0.2825197155915101,29.3774452,30.290500271449897,50.9774807012947
3.71709505,6.842317808701831,6.433359664449361,0.5333273543712612,0.0,0.07102594646240917,2.4459635400245903,0.14315756070623337,27.117684349999998,27.011835742560365,67.29659704341434
3.7654283,6.799097528335354,5.608738640345422,1.476937407911503,0.05070344354391424,0.0674938977654882,1.9463207393112167,0.3474372739259249,29.07318305,28.871557287429013,57.554778465548324
3.7926793,5.7149472234129535,5.1487048242986155,0.9840440906227234,0.016349322759815987,0.06253624571635763,1.5733990021096207,0.38806135493153127,31.38612555,31.794292063557066,58.007553257382106
3.7894552,5.9721574544923515,5.295507556950547,0.7001266791059325,0.0,0.06281962276970338,2.071813854888858,0.5300432080910948,29.5320778,29.9419723261668,59.15846705395109
3.7548362,6.335136420973036,5.207429420213637,0.9630623301228343,0.05676632526109862,0.0635799714377111,1.5574719452381294,0.4847429313833782,28.88760855,29.16317669104688,56.80370432924794
3.83873715,5.712413165340007,4.535507670752706,1.021069584537242,0.04521244315261065,0.05936304641252865,1.237095575914993,0.7699603979703603,32.79176425,32.82366352119967,48.036855816897486
3.8048337500000002,6.781348772758253,4.967955624398403,0.9418526769014257,0.041859982706991886,0.06461315197706213,1.6830694537621498,0.3997885298893701,29.2101784,28.545784567688806,51.731421048920964
3.80562685,6.428976264972015,5.01031546605943,1.383196291326661,0.020433295312118845,0.06611129857264761,1.9415456218251161,0.45552350318365176,30.8088808,31.97953620718769,51.287281058506586
3.76251885,6.894826763384787,5.290894262213435,1.343145412966309,0.04988183388300671,0.06306126643634763,1.5078586130324054,0.7179796772759637,31.920940350000002,33.42713021589914,52.48534392898673
3.78147225,6.813506091368694,5.06661525266915,1.1820728066431108,0.055673838479636674,0.061237246132813304,1.2815741981510838,0.5982599324721294,30.72282215,31.07251472956346,51.193344169994965
3.7851067,6.184531094226022,4.957184241581482,1.2649875969212254,0.018243857329465495,0.06442263060099887,1.5637715810864816,0.8009215234396078,31.728918999999998,30.531576902469418,50.932450303525705
3.80002465,5.891074590489692,4.680263378698598,0.7246388244378204,0.0,0.05723347787333509,1.6201030972403192,0.6570836663790232,33.8234463,32.328994654064,51.79613452429781
3.7800076000000002,6.3062926416644505,5.327160297208037,1.0375116176932824,0.0,0.06238218789101656,1.9241970970982174,0.5409818416208726,29.606090549999998,29.95697030916844,56.98072550438785
3.83936785,5.849576206090896,4.426055493752637,0.9021304995369838,0.01982961131130924,0.055996035070315725,1.1554813844565883,0.7336882590181106,33.11915835,33.2673125719811,47.00575841089497
3.78844835,6.5680690231946945,4.977007677411944,1.1772664196176401,0.02345210866734277,0.062339571207855424,1.5166953353787904,0.5180961631619555,30.907401049999997,29.441901218983148,51.41367979590376
3.700266,6.120260111872128,6.300872883351676,0.6932013406467232,0.0,0.06746236825313282,2.28191573709186,0.6175496705342248,28.378753699999997,26.24311188813977,68.09422408810995
3.7324307,7.377724883231265,6.304329507352088,1.1989253452665243,0.038189455180382,0.07279522504004708,2.2214235614029754,0.1262143258710187,25.1492195,25.24647069659773,62.79743604317095
3.7941790500000003,6.187365876302379,5.142862953277083,0.8374890457724506,0.013544789958839003,0.06268611565194775,1.666459131079593,0.581452915219415,30.7222319,28.778337440634548,55.75084563087082
3.7632607,7.022331462396206,6.13583723285293,1.1558834036427597,0.026333208735811197,0.06746605118799551,1.826411688698791,0.41473741932998154,28.3727608,30.3370230584628,62.124154779784895
3.7891648,5.495868457383162,4.850334482240946,0.8812633926480467,0.0,0.06020230998414166,2.0903949637011863,0.6837901376151194,32.853750250000004,31.747296072388387,54.624966059476606
3.77145885,6.126824837928411,6.243845362706524,0.7908547991401134,0.0,0.06722513521425083,2.0665474246239715,0.6326164699709556,31.224080100000002,31.087770015868614,65.89674498343028
3.8487842499999996,6.09546351352569,5.430218500437755,0.7780892383951791,0.017850364270490533,0.06602358716261708,1.9228425518008958,0.6238865929522548,30.982379950000002,30.803716378067026,57.939745836334104
3.8040775,6.212488215832716,5.094041817433992,0.9563673576644656,0.019790318786528684,0.060783830372611966,1.5956490295469203,0.5263061867693768,32.59269905,32.638990196993056,54.62189158476545
3.8104302,5.306044344771708,4.5870432161633445,0.6481575605695334,0.0,0.056817269141898746,1.7945858776318624,0.7743801059106308,33.77912715,28.49625121921751,52.198082448308845
3.78941645,6.016651927431926,4.682306495523202,0.49485178469264435,0.0,0.0552486913772741,1.817099587932827,0.7680740168254794,34.862058649999994,33.72086506567944,51.05498496971427
3.8574116,6.350614333107336,4.745377262750324,1.077600714394889,0.0,0.06071746084026462,1.4824653840315911,0.8402536773459657,33.88318825,33.45798034621514,46.79625444750079
3.8064581000000004,5.88688358097432,5.105731543594867,0.9131895345015637,0.0,0.06031990585269804,1.6735891554080065,0.8171370738686075,32.3664322,31.31018398760678,54.66180161451399
3.82521355,7.068516172477764,5.161166726786677,1.4716747877841039,0.052180901195093575,0.0657718628906509,1.1244270302640629,0.9239661809002637,30.23324015,30.202955808326163,47.204881721462726
3.7885023,6.755848295495488,5.765331955447158,1.0814465947665504,0.01598108386246366,0.06650811088398567,1.413253502897322,0.8659258080928796,31.0963297,31.526255253892185,57.98735567659489
3.7927934,6.4175353170683795,4.999345624805909,1.1469648207225092,0.004792824801929524,0.06425342055488735,1.4303007656074982,0.5852942526161482,32.04792595,33.8840430318232,51.92471737800476
3.82357715,5.961925982237638,5.79349166867015,1.0807361620988762,0.0,0.06677991586819887,1.2647803483457172,0.9362983272304266,30.7999954,30.300459331692732,60.13117880285841
3.8016146500000003,6.39138952630946,5.531076927543124,1.1816899134357393,0.015049275553162052,0.06693427601928931,1.8534180882951827,0.9338275240132052,28.825156200000002,29.623235498349676,55.707399568103924
3.8053768999999997,5.5215781306265725,4.930871633273743,0.6995470617264272,0.0,0.05921855550468068,1.330671859808581,0.8390136858145217,33.64687155,33.75846805493965,54.93247769574089
3.76732685,6.918117401505958,5.688200988009464,1.4236449068342794,0.1105196451915504,0.06816232120656683,1.2488090513626542,0.3844010446085141,29.5793562,31.641150216588382,57.96818305791973
3.81115555,6.274293302479734,4.668775877488153,1.4294033844003904,0.12357674870802252,0.06236531875174876,1.0251459554564533,0.4517238182966768,29.8615265,28.689787906050906,47.8158480712271
3.8502035,5.506552531705962,4.582611346375135,0.9185437302617919,0.03388339470404081,0.058121352421283815,0.7918951989806979,0.8625210857947381,34.32034495,34.51163215324552,51.17802582135206
3.8404941499999996,6.739757250012273,5.244749734871507,1.0720627583013342,0.07105055410670502,0.06372261580337549,1.4676600337749544,0.4882638672876438,28.8016014,29.181865672700766,53.004920413813764
3.8050543,5.79698172269898,4.596650672728987,1.1577291750272953,0.03161815857358203,0.05975033636529609,1.46636987825322,0.5731529198278043,31.69140915,32.156785328122794,49.61438827652899
3.85753095,5.972818677340992,5.476404043269932,0.8123526035486245,0.023731870657889703,0.06409109935653537,1.0802697944946569,0.785476182263328,30.469762799999998,31.828870644797057,57.726825318477715
3.78947865,5.826518057573413,4.522254307577798,0.7904864060025902,0.06430810584053404,0.055519023655733774,0.7105430801296204,0.6179442734349471,33.429672249999996,31.853192568859846,54.83141815432047
3.8407909,5.632901327788284,4.54951557342632,0.83005758524036,0.01025482995419309,0.05661980510337318,0.9822120069628243,1.0552607780228727,35.95300865,31.315226854340214,47.846565568478844
3.8220404,5.327613093295314,4.5877137013546445,1.0049014432506438,0.01756722856692955,0.05963363233134257,1.044029187963433,1.0352510138217705,33.35234645,31.59345353909341,49.23603981491527
3.7671498999999997,6.29068781889716,5.367627827619614,1.6112675764183817,0.07363706628613785,0.06302709476973073,0.9990880549914972,0.8644271896852,31.374217950000002,29.117098496017476,53.605096358015814
3.85159275,6.15887728894258,4.734678914911379,1.143200367165349,0.056833971095537825,0.06217778394206044,1.1050811122737554,0.8656162487308529,32.2346296,33.473055786529955,47.14382162819759
3.81030405,5.9106642353352115,5.124080827326027,0.8761204985606592,0.030764208385369484,0.06569914120716368,1.5985399671017533,0.4170532963130274,29.063117,29.001199208772793,56.87443487282508
3.8036461,5.944129492139687,4.674987903057957,1.0528763357921913,0.027964213468682952,0.05732713421839192,1.1616180468446395,0.8908148445643234,29.027565,27.865832859889014,48.79192444803559
3.7087911,7.848830112110356,7.322153517865159,1.7984779416076089,0.08905171034513752,0.0767085662165938,1.8396485937650364,0.6152831172480963,25.91988755,26.45529692416096,56.41064186624531
3.8146144,6.125901195017518,5.1751790774055735,1.5338885118069059,0.12468669716040513,0.06637478856270333,0.8830361155854628,0.8927097285029876,30.1751738,29.222718535111884,51.14621511501308
3.7891590500000003,6.08800121390336,5.7145941226807695,0.751718360065067,0.0,0.06639375064589936,1.8109831185227598,0.8045014536655702,28.9933586,29.389756965511115,61.775800302210975
3.8493545,5.10379135216281,4.6615498564483016,0.828496655979466,0.0,0.05816280570712916,1.4511366835246862,0.9969637173830419,35.46785355,32.91357205184396,51.20781169045604
3.81145255,6.331692991828059,6.207946419299996,1.1168465262462628,0.0,0.07102952206464697,1.3620252065050467,1.0370504452482137,31.44882105,28.762029406440544,60.596683936466064
3.8362229,6.565307344785275,5.737914878305373,1.625144377327083,0.13843006497311855,0.07219849169436025,2.016059880946258,0.753381269781618,29.42645165,29.14784333411811,55.37961872571709
3.8661705499999997,5.3417475018982845,4.093235887310463,0.8781044409402736,0.0037929266948147976,0.053290698761451934,1.1661607535236846,0.8952962490889463,35.6258888,34.332299454471894,43.93401508299916
3.7888367,5.23764444593961,4.805566486859242,0.5735053562885646,0.0,0.05718407711851173,1.570445626824696,0.725082002716994,34.650259000000005,30.952635912857165,55.64836984961306
3.8005164999999996,5.553588549350857,4.419443027853327,0.8773499901432367,0.0,0.0562496099207619,1.4232480483388281,0.9970175847427829,36.07022285,33.37385185127775,47.81929806011471
3.8174641,5.732186865960985,3.6459527932665003,0.7488146513866998,0.0,0.04718461953472073,1.0198834989599557,0.98525058406479,38.5646305,35.11265627071702,38.858819326510904
3.83230375,5.586529207631964,3.8719952163630995,1.1430029842828855,0.0,0.05505774645329417,1.0588701611961808,1.1414406140397886,38.138675649999996,33.87978023877435,38.97798815293617
3.8546559,6.433299473450047,4.094488765729096,0.9667116602892564,0.0,0.052209054861313775,1.3259860043178766,0.8371535660867594,38.78801155,38.028719593409505,39.92017704769219
3.85288955,5.883551039405219,4.306373175584786,1.5172257480682183,0.0,0.05861876969823086,0.835297002906283,1.5801031224740258,37.18284035,33.47009748426585,40.70337037438361
3.75599255,6.108719340500057,4.660517738107741,0.9470025937810026,0.0,0.0584185155355508,2.00899566135409,0.8518998720742417,34.91318895,35.85408021023935,49.85846570204148
3.7304289500000003,5.336447875214718,4.383805517178048,1.0252599575415549,0.0,0.05708543862416218,0.8003968334434143,1.3983200358108765,36.4136486,29.066577790236003,49.87076621283658
3.76524545,5.479177701948505,4.812956361383292,0.9046279009843791,0.0,0.058641551181125254,1.4705867467732023,1.0896600297594854,33.847320550000006,30.56779274349241,52.70981588132261
3.72184405,5.321560709326182,5.22351553181127,0.6120999096686733,0.0,0.0590863339626488,1.9613318917178824,0.6923131584520692,32.14556215,29.243244347093317,61.74746161152809
3.79820635,5.182413705901791,3.8824827613900093,0.6216143571859506,0.0,0.05087122123791343,1.4546753100805945,0.7863946615662312,37.411674500000004,35.97609686242711,45.19633989587845
3.7767447,5.197391331947717,3.966212413989327,0.6575132637961858,0.0,0.04973703227039912,0.9469011008975282,0.9409943071198896,37.66521645,35.508164018579286,45.806819675590134
3.7957424,5.6180160982321805,3.8299681393190514,0.7634073855997972,0.005649172054598035,0.05004054725998013,0.8655863119092302,0.6839881368264535,38.74712755,36.35398472712555,43.44734445457229
3.79076815,5.994454107967679,3.6826549304914176,1.0498545862981272,0.0,0.05004661829646353,1.0288248805449927,0.8699100149374904,36.4614277,34.77764148632232,38.16072870995133
3.76216925,5.731829826135066,3.9542376930316507,0.7022329640840861,0.0,0.04784517506806854,1.4753147251050756,0.8051693455226002,37.8344078,35.49155186081078,44.66621294601694
3.8055698,5.085201962511272,3.7416294479114782,0.8089756223575517,0.011254548216367071,0.051267897846716926,0.974436403224902,0.911697546397066,38.527259799999996,35.45728980579125,42.810076433148275
3.83525095,5.234820703926699,3.6918420082484436,0.7167822679516838,0.0,0.04722581882534796,0.8869443649248387,0.8888092345428502,39.731090550000005,36.779221000082856,41.457130365741484
3.8431183,5.499674474816503,3.8063972825872083,1.0371850446806337,0.0,0.05156537084185558,1.045922670378208,1.1224178616764076,40.2002468,34.48678478866718,38.89218498030466
3.80304575,5.457948890594505,3.4170465053689147,0.5686402557884824,0.0,0.046648084032986134,1.0291061589409716,0.7933501333342657,40.2900524,38.044035987585644,38.87331302493071
3.80928325,5.967465083653629,4.113088522325516,0.9303432807140732,0.0,0.05090972407210012,1.1177011054232486,1.0444684627380956,36.6766815,38.67240256447834,42.16564846906032
3.8323566,5.543638435571404,3.7678898665622658,1.1132600438732625,0.0,0.04956502832005543,0.6860412633406046,1.015603471372624,39.37957765,33.80981143480188,43.79050194058171
3.76165915,5.841107341615186,4.021058628008989,0.7461602628606407,0.0,0.05307333134694009,1.028965529110053,0.7310429795414394,35.94119835,33.413886462181644,45.24975051994224
3.7853811000000004,5.1818815169149195,4.072568772523213,0.6477511115377893,0.0,0.052222800036465775,1.3438989106005579,0.6699629209985812,37.57401845,34.82972439228,48.1948832143214
3.76760785,5.6548792089866495,4.110156412173925,0.9616946246868504,0.0012381007195334417,0.05157817006316828,1.0056106558431992,0.9388975583295639,36.359458950000004,35.33030840570445,44.77992026835109
3.77544475,5.465172207444171,4.07148795325771,0.7241020896307135,0.0,0.05245110218247483,1.1223557079480264,0.8900022666605705,36.78771895,34.95028115746921,46.20006675725835
3.7560681000000002,6.064189825670608,4.708857159199585,0.6526323562919686,0.0,0.05563123394527986,1.821902660578077,0.7585271249850682,35.097192750000005,35.825078951295815,52.04467787998002
3.88633905,5.110360956673387,3.3438331331840443,0.7086985231391139,0.01695827204607464,0.04525665847663497,0.6502968909168991,0.9117622777882851,44.9909859,39.031836748286736,42.72079570067388
3.7840026499999997,5.344419489484606,4.884842518027354,0.7876613907848833,0.0,0.059111042629638795,1.64600101356753,1.0190648168497216,36.35469435,35.517076573960225,54.42956458939395
3.82503655,5.541430313858484,3.590682894578264,0.7649726514330458,0.0037428097809051666,0.04601885394393711,0.988442328965327,0.8892238637593008,39.699739449999996,37.03810169501506,39.21671637115194
3.77635765,5.500554416825576,4.341080750631564,0.6230859572468729,0.0,0.04959725892667932,1.3841746538922426,0.9459278979901543,37.3378315,34.5193619675744,48.72991286111932
3.845863,5.10948588252924,3.5987609645100065,0.7523671347933106,0.0,0.04668792100826051,1.1713725740699013,0.8562612903832499,41.1765957,37.40381513487101,40.67683588597064
3.87945845,6.079504456483114,3.277650931724152,0.8694046820908101,0.0,0.04562417903051245,0.8321841811971418,1.0284359351263315,40.8967323,38.36202949524521,32.20432837506447
3.8110551,6.0129932792180965,5.910830446432053,0.7635054113248316,0.0338793434292998,0.06773508146001794,0.5044789255796893,1.1725083022562832,32.2122183,33.59791162220889,71.71440183461014
3.83398115,6.333586351369269,4.642095702607492,1.3123333771027605,0.05656886524912211,0.05911518055905442,0.5512822003321287,1.0606515144637771,33.432963,34.76957037457004,52.84135607329239
3.92970415,5.92692822675901,5.011126742508143,1.6064194828947733,0.07961340717151907,0.06214535613856845,0.5517985764800921,1.220602055129076,31.83005335,32.23672147683633,53.926915522118364
3.75873255,6.200792698163919,5.545546108798758,0.5227925655163512,0.0,0.061813484583937435,1.0003694667820069,0.8973029978942559,30.744523049999998,31.63167772860424,59.91703455617878
3.92741585,6.825309131980369,5.697772769565611,1.3518951521718803,0.12339755578906017,0.06421565291169326,0.7949740834352268,0.9458948748221234,28.115324,32.94969901989974,53.94016134267321
3.9157934,6.821629125665918,4.76099764580708,1.1875200711741902,0.0377873187341456,0.05971201982479306,0.49810193263572977,0.8331968821174982,32.522409235,35.30305273458572,53.37739536323813
3.8993721,6.865451171606905,5.3638697123796355,1.1586400860988095,0.07056202830966127,0.06384966837780065,0.9443363286309613,0.9082786318858622,30.667264000000003,30.10597216558739,49.83191051398238
3.8162322,6.327767077685257,5.33901004732056,0.921423558607783,0.011225084720298904,0.060605980741067475,0.3909514270684634,1.0364662999956193,30.71294975,34.83544577058702,67.18483832214446
3.76830115,5.828603650778059,5.90003400515819,0.44787384977539424,0.0,0.06452664295065014,0.809197650456887,0.46735598952022833,31.0112362,31.197397892880844,68.84597403858348
3.87299145,6.603631850026799,5.63791205157363,1.2382101851382634,0.0653753182079164,0.06353131696290715,0.6744294599340472,1.1017234337730524,29.76565935,29.227315632208644,58.5025576154798
3.84157195,7.294263063687602,5.980470464497267,1.3487104556612382,0.07428987747439461,0.06687633520199325,0.7588914291027042,0.5155755412242572,27.9889193,29.478418948932408,60.56026722451966
3.85046995,6.890847670324805,5.39498343321357,1.2115358347867706,0.06664808452740725,0.06131797712440812,0.4772355924002384,0.782025628052135,28.3665714,31.856429384670513,62.415499314059474
3.7571629,6.176562731942502,5.674760457889974,1.0115038314025888,0.1017126292289177,0.06691994447168169,1.2252439605212893,0.9394952187454224,29.857680350000003,30.64536438211719,59.95307272658134
3.8472451000000003,7.198594858460004,5.614773526383747,1.3314395410568067,0.1007269846314851,0.06620567093502333,0.7520253356001743,0.42292141551234647,31.29512405,32.76448160093619,57.51432457356228
3.9307246,5.7947963873810355,5.51776904982467,1.4497463655266742,0.10626126933479045,0.07424741169669027,0.6119733017508688,1.5851534871398911,30.82684515,36.86291062126017,58.77162860883045
3.89409065,6.545229512113028,4.604691062714276,1.286736709877893,0.034998184311195724,0.05868214898806905,1.0114250798739743,0.7186223468565817,32.81602665,33.823415897674714,43.271934227391085
3.82960435,5.991120890376141,4.885237159545057,1.02821309116556,0.1194076446209922,0.06290085934261073,0.45711528514301697,0.9820439957418448,30.93935585,30.018740099186587,61.172828814561065
3.7629797,6.617641431581747,5.063478312224504,1.2022702877584066,0.11176415074562207,0.060297539369616085,0.40861895241086177,0.6915733643168037,32.5589485,33.35199980247835,64.39648339767233
3.8130359499999997,5.766839656859364,5.460741733982746,0.9974686691151606,0.05582126676667727,0.06478841126408433,0.9962239629315808,0.9725480915080676,32.5626755,31.880989366410326,57.68714067630285
3.81469615,6.525157018048147,5.462878382386397,1.1293214602566057,0.005673158931743382,0.06197208915004627,0.7540311186743388,1.051684461120017,30.22862055,30.0157289967855,56.912872394503744
3.8532899499999997,6.3561487971762,5.277436938483109,1.1961847416021758,0.10673736838070226,0.06944339112588738,1.0769626994081904,0.7127413968638666,30.4230976,32.39499254193527,52.830680552200924
3.8422849,6.235439653284658,4.849570139471272,0.6598277926242861,0.04334503551988394,0.0587105874298552,0.5937329761081958,0.7106597645593541,32.701099400000004,37.276909835359895,58.54830186647551
3.77001835,6.454662170862667,5.813041595781767,1.0697297833752328,0.14272511236865884,0.06830850564152555,0.9019026585940749,0.7360094130027905,28.76798435,30.342095696135317,60.84864988301706
3.76420715,6.2364568101063265,5.644208902531146,0.9033879640003563,0.0661721041316046,0.06468361966670931,1.1458987694846434,0.9056730613148792,31.44480325,31.83793751554056,59.86437392362493
3.7783692,7.641703488670047,7.523063723271509,1.285993273529981,0.041130084774502765,0.0793479990464107,2.03495367900332,0.9832843264007938,25.61241915,23.445023712226387,55.88340422724036
3.82198035,6.485662982301197,5.573877969077545,1.2347090761957324,0.09489034357755839,0.06164585002491813,0.6537575055661085,1.1386835038335057,30.9504776,30.68171286534138,59.92297795803987
3.79762545,6.145226088107395,6.426976640898592,0.9484793370109239,0.06185547831477155,0.06975433149847143,0.8722522226791589,0.8581465414191352,29.86837195,30.214716813038475,63.32245157291016
3.7891762499999997,6.45671523864503,6.07084547052234,0.7911394293315381,0.027287693038850494,0.06987037390199383,1.4857350272302654,0.3899976153902633,31.5374756,31.789948225452843,65.41194225517869
3.791549,5.925331596600638,6.359808394135644,0.8282666057886786,0.0,0.06806514444898654,1.0148237824837216,1.099119161882729,30.25068855,34.16676560738961,63.634057453990394
3.80305815,6.188251795439077,5.67176283104037,1.2365151567505746,0.11931411716045077,0.06778288851723452,0.777999751759947,0.8748674345935228,27.3938379,29.776356854518326,60.5628667267219
3.83135165,6.416531409894603,5.815922945183203,0.8403187428502086,0.013528653449975019,0.06536343569860631,1.2471159551111721,0.7517452592801317,32.6035004,35.062738328108495,60.4363061902955
3.8866284,6.103976637429492,4.161468619171092,1.3804271875757887,0.07561266156297178,0.057612908353792736,0.5491298777822952,1.0433407641281691,36.169977200000005,35.771244354440206,46.98650497392663
3.83419505,5.763318865062205,5.090516787108212,0.9309740660007972,0.00043329392225029394,0.06086069999513614,0.999945251054072,0.9639383061079085,32.20229055,33.25564961910099,53.453188726515585
3.82997025,6.519553764235898,5.918129645149195,1.5305025366419895,0.030980052506865717,0.06655402473055343,1.1677692690948382,1.0025422868338945,31.191803,32.30698271972457,56.843033114049064
3.8323044,6.398312655629574,5.919702507725411,0.9616065130633802,0.037566001286504336,0.06501718999241993,0.700080961950518,0.8308592929863055,29.09129525,31.32893749116851,65.31204048245657
3.90131415,6.278780647149688,4.489709812634752,1.1567981021278264,0.07730159750619861,0.056586795720738305,0.7575405445064431,0.9238034223732385,35.460424450000005,35.63966875811013,45.46277555736262
3.82251905,6.377291430881259,6.032175441893105,0.8109742227091095,0.034486829706019816,0.061719879690684376,1.0507409159906755,0.7533675373044855,30.2986536,32.50740729941423,62.94914298293638
3.91114915,5.656201985635775,4.384512619876304,1.2596888545139548,0.08414693703933299,0.05997902215808873,0.789185771964875,0.9433798717487277,37.27022745,37.509522973238404,45.047462510113256
3.7758614,5.8908116687204295,5.954839732125914,0.8360260296357109,0.0,0.06899780242918482,1.5054722765652444,0.770937047891193,29.64595225,32.562673585002116,65.29866469901464
3.83848115,5.976811497618682,5.737817027770109,0.98855891209706,0.015621775205709103,0.06565737896095389,0.9606016508429132,1.179860510765312,31.99611855,32.93097742232011,58.262983068672085
3.8867987,6.300886156522338,4.791125532765756,1.0135915231045334,0.08935362031442906,0.05903735027554079,0.7359897298829846,0.7645081632894679,33.606321300000005,35.129498877254846,51.08034019754008
3.9235291500000002,5.996615659174529,4.468562718755745,1.308148733012599,0.1278592228290919,0.058069595160204594,0.42292092283164795,1.1406019514225285,35.61171725,36.190093431751755,53.114771592065466
3.85645685,6.232632734221408,5.023994034566488,1.0759939568405281,0.08494376800112574,0.060924991028174114,0.7589017708772836,0.8428406874191872,32.9344215,33.23358830212923,53.35415733242855
3.83335055,5.7317266258918735,5.718678250022705,1.1197603434984202,0.04431461560726867,0.06216458529759792,0.8869681850490105,0.9761744985652102,31.67964365,32.36198643038216,59.57924845480278
3.8765006,4.998812582186041,4.669718271163081,0.9602238455084132,0.03935665137980136,0.0594757964669312,1.0182262498115855,1.0463104230715208,37.79324915,36.45066057263922,50.18638460520718
3.85236515,5.528689077479887,4.536934551264844,1.0904326572938845,0.005362047029105117,0.05531768643261825,0.7111756478968219,1.2430996461129984,38.3516922,38.50490996028424,50.03819900712011
3.8823906,6.0318366131960595,5.006720468105794,1.1422531057417737,0.13942053465817014,0.060812194645255654,0.6279706576603619,0.8380575109877302,32.41267015,32.32997143066624,56.59201403849952
3.8853576,5.588786163540941,4.395853887047453,1.1408540221538142,0.0481514789935071,0.05486136287912461,0.45148242433402686,1.0124644311733977,37.0926437,36.80350669983902,55.46526112520692
3.84316075,5.351995113129154,5.315414290780891,1.1487786007413068,0.04099789847443598,0.06497476980252737,1.086876714207,1.1976881834713875,33.68725395,31.358540660938655,55.12432939344727
3.8167368,6.663588346538095,6.095670011534315,1.26180690520646,0.009748112574582475,0.06314477204555885,0.8513540137138949,1.1158681309045664,30.9858704,31.977471170670412,58.644474393233125
3.85608425,5.426659149502813,4.670672942114618,0.9961438813843,0.05606562712725826,0.058625201055377926,0.7065483345051287,0.9247891563576063,35.49981115,35.43230727451298,53.97027045115537
3.92880585,5.557605756144061,3.876110583921811,1.1119215824957236,0.08298739707903817,0.052810197049844555,0.5563623842317296,1.0493931858972245,38.38131145,38.44786659864862,45.882544551967925
3.8755641,6.337388849916721,4.97448965880981,1.345774778378713,0.057940611145784575,0.060219859075929374,0.7121307137892463,1.1400801953056008,33.2979736,33.80655841147643,50.49133689397158
3.8691743499999998,6.192794966555491,5.049581486744755,1.603662203658926,0.15493248820120203,0.06617784724361843,0.9570927492630803,0.9447590042451324,31.8204918,31.396787504859198,47.57142620433133
3.9366951,6.552460351315982,4.284130890675382,1.4694150229011025,0.16845173959306153,0.06021089407662977,0.6602457824406305,0.8771684442705869,34.29829785,35.085769866347555,42.76522008034729
3.89278735,5.651734465677102,4.473623395456183,1.1489503730391464,0.06203713443468467,0.056576219544588274,0.48220361008842794,1.0356415867394158,36.1554909,35.86116675139426,54.89714954685894
3.85758205,5.94748050393787,5.268931653170878,1.1434435224014234,0.0798156363030098,0.060170727377530715,0.9054459053217011,0.8936729541724753,33.6573887,34.67784680873405,53.52368000959404
3.88269235,5.567991582065572,4.318323742968827,1.1849465040743594,0.04008248365989485,0.05856075237117123,0.9165171934925479,0.9244856167856992,34.869811999999996,33.753822160505656,43.59906795752866
3.81115885,5.791482472893814,5.285420945933026,0.7127480963542621,0.0,0.05887175312703495,0.9279259964236788,0.909177647576072,32.8029728,34.12761003394643,57.275384616779256
3.8601933500000003,6.075953334394908,4.875663104535443,1.2906697112603918,0.09416983860667497,0.06043028091147088,0.7036677291352713,0.8680098196422148,32.8887558,34.3558052968187,52.661784679889855
3.8476839,5.594312355770334,5.193492333247726,0.9177003697477379,0.0051472830267512305,0.06563584655484703,1.2625240729419283,0.9684139735736377,35.769193650000005,33.978801449880145,54.934041226869226
3.8208481499999998,6.079462114869473,4.500109275673433,0.9903151508820225,0.0,0.05631778750095216,1.3262961541883418,0.9357195823649305,36.8886452,34.95473285424097,45.97241929660234
3.78760445,5.805780950036041,5.473400654830455,0.9756219254101768,0.0,0.0661630208080994,1.801225940050668,0.8852144161854605,33.378389350000006,32.0637617755414,58.85269194245205
3.79869285,5.890051950796776,5.210093794863605,1.003907165557762,0.0,0.06582674512145933,1.7784075964925052,0.798362108755285,32.3696127,32.304968320735426,55.679051140967
3.7843415499999997,6.519526359204239,5.389630694059232,0.8591711373010569,0.0,0.06408460974048072,1.454775640135355,0.6396154755558082,31.82894895,31.87259296541065,57.02662244953466
3.8261569,5.383336312851172,4.199827344973016,0.7700448596460177,0.011347907439462818,0.055412408157334725,1.2394379596650866,0.9629356360257768,36.2002716,33.74215563571452,46.07975333084306
3.76470485,6.056995397662984,5.014164429978209,0.6286621690708851,0.0,0.0629207863794497,2.046426145057181,0.5150517871604925,33.6987324,33.950087383986016,56.44151032254
3.75754155,5.6034429818391445,5.208890089566218,0.6143808151507821,0.0,0.06145911532127788,1.3434856614845976,0.7168762624617364,32.82851315,30.380149642320333,59.480978939348134
3.8281473,5.3584853761120375,4.724620268711618,0.8026568911054481,0.01659833476270234,0.05862316413703411,1.2852870193527903,0.8234233707079799,38.078952799999996,37.682309750663336,52.44314484949379
3.7175193,5.365442068360283,6.12596614682507,0.7735523329380998,0.0,0.06970886076193075,1.29535846067612,1.2627555786987434,31.869148250000002,31.854330581077495,67.0591902539594
3.8393359,5.555273108181057,3.9910178598218833,0.9970851208543965,0.06569595999930405,0.05612011301863705,1.0619939947821708,0.752596778071804,36.42108725,34.88463322095201,42.855010944307566
3.8406203999999997,5.178829698222012,4.218283047584695,0.7819680225927135,0.013122560653912818,0.05942149421241483,1.1528116371088828,0.9331006399348315,38.38695145,35.05235032728005,46.80900778427953
3.7731298,5.463327508301749,4.762783602602617,0.4884340293465088,0.0,0.05649292320157186,1.607039336795892,0.7875221181027916,37.213964450000006,35.4216648917688,54.38280285824514
3.7753391,5.546449095268203,5.0611701936403986,0.8542827059275251,0.0,0.06307298782110898,2.0082053316536776,0.8365190101017875,34.60588645,35.615221137444536,56.43015677771536
3.7531432,5.9239067169624455,5.519201563041363,0.4177778717795181,0.0,0.06343743302732223,1.8129253019689568,0.6321779906287699,36.758268349999994,35.29144809771258,62.18557438518151
3.7398479,5.954511967084201,5.104123471959978,0.3951985920142807,0.0,0.057361718125762975,1.6230331744023676,0.724594344172024,36.5892353,35.85895331224029,57.37950419942282
3.85383415,5.515217772747761,4.440865263801403,0.8592935680469576,0.02376892081028817,0.062343146871387596,1.299783413172983,0.6330394346766421,36.3887177,34.21058584076939,48.800598565494724
3.8206141999999996,5.477455005725587,4.964000940500199,0.8051686165722887,0.0,0.059016686636262874,1.2344961098930578,0.9448790995356273,36.70038795,33.77881604459245,54.167397264949166
3.771991,5.568213627307693,5.48932211930251,0.4269029897331989,0.0,0.059906147363026366,1.660974117638624,0.8149098380408217,37.8868752,33.85174823842647,61.83160080459775
3.7695334999999996,6.298027053532803,5.720189760828738,0.8735139315922087,0.0,0.05913841731857214,1.3302928190334828,1.0493562299397383,34.6008396,32.07846427037405,59.72884517879046
3.7685597,5.723984050321751,5.284400087878627,0.5028685927957282,0.0,0.06117856511479678,1.8268424277138247,0.6670830395212646,34.976511,33.60711019138061,59.82088519526541
3.88301435,5.989797682916048,4.034794301565857,0.6693485808467863,0.021917726348252585,0.05021469694500471,0.7878976877704654,0.6582953712486164,42.423843399999996,35.784827639559346,44.51772107486348
3.8175138,5.855344216079526,5.71570056650336,0.8725623859164097,0.0,0.06765379882670974,2.293115095083404,0.8089982341383848,32.7488136,33.50023540813121,61.41645715344626
3.8148431499999997,6.221555232543316,5.040341903460419,1.0458232486314993,0.0,0.06645740081588355,1.790750510600576,0.7747917313101338,33.46737005,31.864591426435567,52.066986956393244
3.79413115,5.646292488148548,3.950455126407057,0.7097177051658236,0.0124212239990119,0.05378368354376506,1.2203295191858212,0.9294440720187482,37.413641,35.968713129158346,43.52419515229787
3.8746063499999996,6.075013417118819,4.069934997596521,0.8573937704737886,0.043563498528237085,0.05390286084693336,1.0301083281312369,0.8586331895871835,38.891979199999994,36.46853593283397,40.9140225104284
3.86010195,5.434171342429922,4.636876573037677,0.6595045225562863,0.0,0.05959692584115665,1.2062870653493019,0.887924844589397,38.484748069999995,38.22057364609998,50.43033292552261
3.8159776499999998,5.43889409617224,3.716573280268685,0.5778752969133143,0.0,0.0519644726070848,1.2410060034352446,0.7110288655373052,39.47104645,36.69373080135819,42.3257827444391
3.8545277000000002,5.7867627930792365,4.28149775426245,1.0681331567726131,0.02401925398332814,0.06075163996572494,1.1102449340413467,1.1147642722909248,34.648042700000005,35.86374452694639,42.60737475267095
3.80849425,6.606167887080948,5.073047507147836,1.2692139716326993,0.02278517352021726,0.06556723368555878,1.002222228202158,0.841304474976293,31.5308571,31.607109926553687,49.76511295067674
3.76786645,6.096859692863263,6.357994692476938,1.283841590221721,0.16074515629572803,0.051635703392979196,0.5078725064942088,0.9121038209519523,32.905439349999995,31.19601450158598,72.36090662181971
3.7222482,6.828707995631552,7.408326067382094,1.3573266672066933,0.09254767515884203,0.06219445905354948,0.9985514521055411,1.2214591374371688,26.6013441,24.50809311065016,58.89787475377891
3.7565600999999997,6.47282536356928,7.184748108603575,2.005475581347862,0.2217462277367065,0.0753053981602512,0.438081691606822,1.5600834627537317,26.496970150000003,23.76482711498846,68.05971128931913
3.7336489999999998,6.416074544887248,7.3318362825687196,1.6827869016267876,0.2472254088339075,0.07065196012177245,0.7832111494458734,0.9757823261868672,26.67595865,24.73253064475389,62.372820293342954
3.8063659999999997,6.604048225035671,5.809671057992731,1.5674525599562266,0.17791275935840936,0.055545473676354894,0.7842459222816716,1.0216950101849553,31.1507311,30.16555997868197,57.99451342719368
3.76229735,6.438595031375462,7.215063911092281,2.1699439764135313,0.3161770598016187,0.07776487315877462,0.818566650424718,1.2480896567233488,24.965172799999998,22.0273601260912,57.0502662404962
3.75097155,6.678474981327218,6.973787666245261,1.7322711171631409,0.24626203597585236,0.06916385690332036,0.4330702996935089,1.1234392920288263,28.2316818,25.946361436897742,69.50421616906384
3.74872185,6.836697435978746,7.179694887317081,1.7574898316010326,0.11806308881857816,0.06814861644430753,1.4126889045229885,1.0409639042118837,27.55859375,26.545494084424192,57.34004018902013
3.78101675,6.414244628699096,6.812519435558933,1.6575660155803216,0.11047898121037425,0.0616635395850093,0.9018135705008361,1.1479620823203054,29.4478884,29.16870408262663,58.06560623659909
3.7434665999999996,6.575815537668167,6.125428980389542,1.5714651665716173,0.16554699545411627,0.06378482324897375,0.5798917984454537,1.1835501381969968,29.7197552,28.700593529576917,66.49496963515895
3.73596955,6.602648953075608,6.637158969313041,1.7551923221501458,0.2021295673132566,0.06469040895045028,0.8365796781725641,1.0928205281459524,28.441202150000002,26.98275922598201,59.2209196249764
3.78838255,6.673129500796129,6.99744134709336,1.6724081763064553,0.1894461908252017,0.07294436241374871,0.9187444440165295,1.3527550975291511,26.60364535,24.540447764198472,56.19481652841329
3.7240971500000004,7.007249550270148,7.3723145654955555,1.5360540020817266,0.07939967857458488,0.06830352166423223,1.1284533447831742,1.134680906738495,27.51007275,25.814108619703315,57.80694084674022
3.72734165,6.124095174761055,8.135852062189327,1.9891822397302605,0.155342200660218,0.08189776900923784,1.5562700961880673,1.1397242184726193,23.442160649999998,20.880317284959318,59.092622115210766
3.7689439499999997,5.195109188409797,5.881912801567346,1.6155931905293557,0.17291689475361605,0.059021887728314376,0.13185035292862807,1.4837496703391082,33.03250695,29.543526208027004,79.34847013270837
3.77664375,6.385347022498211,6.546805855217203,1.5783424148142446,0.22386874934367212,0.05843566077374475,0.1765452209430068,1.3929563341711027,30.2838726,28.038444974468387,76.01899754569706
3.7425183,5.637284259157936,5.9311103561927006,1.5553006348015925,0.2339752973138757,0.05832660344337709,0.2661712310001646,1.420436500607735,31.34082415,28.142377697581335,77.57715802276125
3.82575785,6.248728448335853,5.885159112842847,1.7263182873411345,0.26549324521570317,0.05854327945000093,0.17699704020826168,1.1837945928946751,31.4218521,29.207854409214182,73.83893951092712
3.7553391,5.742962935112367,6.158961115676396,1.5614203683256629,0.27622709687887115,0.06241680778139365,0.11158890458262152,1.2510600503158957,30.6287384,28.2316486038953,79.2046258067563
3.7489393499999997,6.545033782068202,6.840516431168637,1.967043711425656,0.2822026713225865,0.06961957252788546,0.20152940471691677,1.3884708947827968,29.07103155,27.31786884258609,74.3629542760494
3.7662841,6.213756766311059,6.208634504234096,1.551879567220607,0.22968386853706674,0.06170918892405978,0.18742163410317997,1.0732570793882619,29.04824925,29.105146461061373,78.05907528500886
3.8487526499999998,5.60785131137966,5.020744628562185,1.1348232569087715,0.13012642746300607,0.04752457658030005,0.5034029950169859,1.1679452453005594,32.968771000000004,30.867718774501,60.97742296912602
3.7605076,5.813640150790347,6.673499324257717,1.9866888705000916,0.3015640488920872,0.07155094972713588,0.2912336825905385,1.3758106690955219,26.93050005,25.671634757529226,74.59588163330606
3.7564164499999997,5.682457471649055,6.248115200072753,1.6013637870804742,0.19379853428551413,0.059385347107273875,0.5987498098416253,1.1050262000909168,30.78392795,28.897153136126423,69.37371588027047
3.8614668500000002,5.955537447552626,5.979339666288371,1.7331705855461381,0.14752786060844786,0.0695357510777937,0.305467303639798,1.7338509589727067,28.059293750000002,26.069376075022827,72.03865619584327
3.7169124,5.831915667037862,6.150845211072263,1.6068556168834194,0.26907969897277306,0.06299181963856942,0.18847281897183438,1.254160033251949,29.99883365,28.05576938764204,79.6035021624163
3.7654278000000003,6.075486280494502,6.698304798759192,1.8208767137110624,0.22632230269154485,0.06853350650527901,0.2962711720909844,1.3879352999612586,28.322918899999998,28.158464338178593,74.06283477262006
3.75023925,5.548801515501623,6.623824263190217,1.360439883838413,0.1992028742050551,0.05807702126024003,0.18658536055136465,1.1412162920330988,30.84051515,28.61119177355067,81.53608697779822
3.8461159499999997,5.134688675558516,5.287992363088298,1.2761376880331898,0.1606348218930998,0.04930201873733979,0.26637486718791825,1.257270051668009,36.656461750000005,34.32970277111949,71.18131925969664
3.8369385,5.6272090126765395,5.025127090938922,1.2996483191370527,0.1564556398570967,0.05168240712894433,0.5302994297603062,1.1999236078326614,34.14025495,32.947707384641916,59.61553745722451
3.8768107499999998,5.496286022650948,4.877585476387436,1.3018587716582664,0.15427676192939555,0.05059504275401942,0.3086428052210357,1.272947643556536,35.77004625,34.402432134227176,63.18601899584373
3.7842162,5.6527186742794715,5.898676440484464,1.3560362513922755,0.1389078188297536,0.056204475386497116,0.5429277710250551,1.0152009530108068,32.327329649999996,33.469376941667065,70.75502798800886
3.8641335999999997,5.589429432696758,5.0302030597875635,1.3796946052440355,0.14621801896041572,0.0590489830267423,0.31553354065153066,1.3293942852167486,31.430749900000002,33.28095998328285,64.28152432732281
3.87937475,5.899830134661164,5.45740390107545,1.2777404566135815,0.11734174210607892,0.05407808070458117,0.29683808394799105,1.2319564138905632,33.98973655,35.25477550384019,68.54230990006265
3.8615119499999997,5.637136842006649,4.904309514396614,1.2258392193147873,0.14840908389373297,0.04912782924799687,0.3827781177163096,1.175997481094595,36.12036895,35.524783134915985,62.1122018165151
3.84038115,6.059996647740314,5.743039704180462,1.4595011471322574,0.1505077054432875,0.06393455526589914,0.32441573436426,1.392637516642531,30.501327500000002,31.45147922012568,70.27439798962277
3.8448354,6.071447868629464,5.476200355099483,1.454194207113232,0.1493883324052616,0.05591176770130957,0.4569374524278227,1.3136215047473125,33.10490605,33.39434103229693,63.60298146257784
3.84543515,6.3575343350858455,5.6672871820085575,1.4225117060213335,0.15220657071630347,0.05711799379257465,0.33186622345764705,1.4370164925804012,31.0292225,31.401905002435353,68.12992798080388
3.80390575,5.994156615191784,5.5501547795712725,1.2644936684161263,0.11836482403286461,0.058129994916094635,0.5077362962563785,1.1111992791566134,32.05666735,33.13486154232426,66.00274163916538
3.85551655,5.498544891596828,5.5437599641212785,1.2922776600509143,0.12895991160212522,0.055913828769267586,0.4222779447492036,1.3328908854810186,32.0282898,33.39817109937391,67.95617905522367
3.88751115,5.062561643647472,4.967265418107856,1.3261773539200177,0.13912403570681492,0.05247002905988382,0.2814819196482633,1.3166535304302935,36.8534355,36.015630760335746,66.20936287665305
3.81427455,4.840539996466882,5.053564757619887,1.0223862946261517,0.10114746098154576,0.04616868275342095,0.5644730041877775,1.18562600192962,37.46632765,35.699611195230176,63.90854068157714
3.84796415,5.794102316025537,5.1718138092105015,1.2868850823297218,0.09080851178676742,0.050405367366241766,0.8244495522721967,1.2572926128540938,33.22478865,33.1713696707518,52.04618994971041
3.8270683,6.010338349100344,5.81720275165055,1.3576790535443917,0.13495725790111057,0.05452721126453127,0.7492370978624039,1.1007679597726248,31.82530785,34.39136466866679,61.34017728201037
3.86575805,6.41191728349334,5.469732893792113,1.5091855430923926,0.18821785231881288,0.050946032418903775,0.8533471497971112,0.8532952930258344,30.97036075,30.580847497351765,52.756550349782074
3.84223735,5.681689172772456,4.730450434051615,1.1012058391103974,0.10726501954705606,0.0439344878860217,0.68319547091319,1.2244239478833379,36.14536665,35.35191903206257,52.63189490360846
3.8718513999999997,6.140466992572376,5.700899192641554,1.7197056632759287,0.22424672245129362,0.06322737893091,0.48143499803378487,1.426190661086216,30.7178917,32.01003327326714,63.27317330010012
3.84570555,6.169540992728804,5.619662987305619,1.5905431427074879,0.17952380350685493,0.05507877992671112,0.6421451374980611,1.1976152296265465,32.43315125,33.319538900671645,59.484490141641416
3.8515655,5.727681653692841,5.355892132066743,1.3235556504946484,0.11722587904141729,0.04852210612299356,0.9436858690127414,1.1332383020941266,33.587122,34.066510202495074,53.45580359040868
3.8256533,5.275052829537778,5.239036545163897,1.331534089059065,0.13056615819782166,0.04984460376657958,0.6064326868431256,1.2456917464123833,35.088962550000005,34.29985448549414,61.15177786574852
3.84545255,5.666881419621003,4.615944301348328,1.2575352274580016,0.12434163674815643,0.0478929074499493,0.6793964484068604,1.1021668061706138,34.964094149999994,34.42495737831695,51.38217021067187
3.84430695,5.835358971026708,5.622630413392805,1.6220205922194426,0.21600868727884565,0.056428646444077565,0.7741730433534485,1.1981914810486094,31.43144985,31.569509463227707,57.09888036902219
3.8801501,5.904344120634947,5.712466388005035,1.6148788688321476,0.1560330792879317,0.06018253704485226,0.5911676965817385,1.3609236352447465,31.7198696,32.37076667044857,61.57891466180271
3.8510947,5.820642341025466,5.225651470728103,1.3229864486118754,0.1687394032554283,0.04893193340872745,0.9590863305155867,1.0360026879542805,32.601783749999996,32.16960930365709,52.17768044322581
3.83571675,6.618201828001719,5.983671160665385,2.092276225510048,0.25121484592890814,0.06778551120001607,0.5911269970198445,1.354234444058592,27.77649495,28.483416452345057,60.779550637046036
3.9083791999999997,5.4655395204125545,4.795518245181387,0.8075299642945398,0.008088245518781371,0.04791813880585562,0.2104219232748782,1.5352364787601545,39.189188,34.75241006872748,66.49710995945503
3.92393625,5.814617485349404,4.829039547691853,0.9533446189056622,0.0072736187553704475,0.049244149706080625,0.2190309986293783,1.6308943691474589,38.296905499999994,35.02392073362346,64.24283118987879
3.8222944500000002,5.209055715963025,4.931664584739023,0.9587269943119419,0.011461226634531474,0.04533170122542712,0.9307688317360763,1.1852056109712181,37.24998095,34.66903856207091,52.90146680679603
3.9402180500000004,5.562481289545769,4.23284637251353,1.1068650530241804,0.10080423259243529,0.049923935544111106,0.1850614911943395,1.4672137046286395,39.081470499999995,36.47127345437181,57.836193319080834
3.8606441,5.645021598156875,4.639907868764138,1.3318063095292685,0.09341329609569701,0.05359091233644468,0.4478421792613347,1.197784238391792,33.9146347,33.63738665432158,56.84753608513714
3.90063535,5.920939932481692,4.399807707972184,1.4442842466929815,0.05467287075273644,0.05259304994078064,0.39871483493969206,1.4509110258336344,35.3463001,36.348481904631335,52.62136035067496
3.7761302,5.711609865671578,6.18417093400975,0.9429121377072911,0.032160335926006305,0.04645409020713723,1.2442664209214742,0.7904734992977981,33.8222523,34.230290788508334,65.90364983759645
3.86294615,5.9786726746695145,4.826043527954273,1.4158869236192912,0.08467334506377741,0.051771145637387786,0.4953940070411715,1.4468477885496527,36.3854313,34.56942903533169,55.50304504336621
3.9051406,6.180222142157385,4.495698979178651,1.7225270920924483,0.13895412475283697,0.056672452373137214,0.5050864502002176,1.4508935046232123,32.8249035,34.07325755726919,48.41768440787944
3.78717185,5.586989719789145,5.226572829795833,0.9993915035738509,0.045841775556686906,0.04541400077299448,0.6870963068828597,1.2461284903860963,36.6869812,34.71034517897678,60.04997892027164
3.8527677000000002,5.573367051574794,5.256423428099589,1.1996418206407433,0.09453408945454436,0.051969124477247414,0.3073996738289502,1.4413696498013944,35.55794525,33.95233086415843,68.1317193773268
3.8726016,5.359457749403348,4.673965990412588,1.3485016343560292,0.10401131392335478,0.05438011593523113,0.2066032349300258,1.5205137563799007,36.01885035,34.91343319498068,64.07002033647096
3.86665425,5.812012002437485,5.373820041761727,1.4403133754105908,0.06396661932940706,0.05704187827993945,0.42950829315165373,1.6919828012785554,33.79720115000001,34.29216012295839,63.74718524189828
3.89487695,5.760899022823134,4.875038950961578,1.319854079163831,0.11822343904919545,0.04897811537676977,0.3972806479521481,1.070506623240266,37.21572875,34.193248896515875,60.20113751821724
3.7937741,5.659641206265855,5.591713234817241,0.9374913771941871,0.016794729067024818,0.04116957113275749,1.016969092030473,0.8850426506165674,40.13409805,36.13324321993453,60.730710505218454
3.7997919500000004,5.9517383236700345,4.901575271262775,0.9236547552429145,0.015,0.039773154083299504,1.2995747661044241,0.9162713852539545,38.2215366,35.71023482867707,51.78916670972569
3.8278264,6.182244659826077,5.6510925725734475,1.0240714171816792,0.015,0.04410532345023693,1.5631351839088845,0.8287239995020349,35.87324905,37.49816732848626,58.412326384410335
3.8430000499999997,6.2011772590524945,5.5975593735956135,1.2141630690460907,0.05587390129286687,0.048119705592625184,1.512786013673852,0.7997840969522129,34.5739441,34.20698040911826,56.67320269409646
3.81912195,5.476462847320045,4.290031133954713,0.960011111229939,0.030998578250455065,0.039574191334871126,1.026209870798671,1.0509509346200652,41.94576455,37.6811919889061,45.59085621384138
3.8414811,5.9697278553977355,5.321420577817625,1.3214036702863186,0.022494811531601534,0.04651578917248953,1.9560646743357144,0.6879463497347809,33.594486200000006,35.16996000134075,54.668858861245575
3.8461104500000003,5.563861349117003,4.939387809378493,1.0931625193904484,0.02796809672544909,0.043796770825373414,1.3859105832315255,0.8800538520867187,37.4535694,36.133546541463744,51.97288826292756
3.8131455,5.571249268617342,4.810637354174115,0.9645972032721367,0.03178428547081764,0.04282337753984043,1.1044864717694707,0.7414322134990021,35.393476500000006,33.57056116265229,52.634711067635465
3.7971854499999997,5.823910312886712,5.258365880732489,1.1095672848736946,0.05008543326768298,0.04348176050390901,0.991898587522782,1.087520020002054,37.7341881,36.156345098333055,54.560347458779496
3.8122763500000003,5.385481148762498,4.599619513228706,0.8377978641033876,0.015,0.04142579515201205,1.4371869888095143,0.952312525093185,39.1766968,38.05079794429344,50.55337667197663
3.8222264,5.432291582097989,5.108368630726851,1.147198430632843,0.09426856464894645,0.0443748522995203,1.1072265836721384,1.010372372086902,37.71144105,35.89866805695855,54.02727186060634
3.8523436,5.709655876967657,5.8321360130625886,1.2235465831324324,0.018184921923552547,0.047926882768197385,1.5400076095070816,1.0423589070098451,35.569313050000005,36.0021883335807,59.634517506721636
3.8142446000000003,6.1308597955450805,5.6998798452637445,0.8868066611591938,0.02,0.04247957288999861,1.8320140562674867,0.7333848451506173,35.9393158,35.36273399717513,60.5815384375942
3.80156925,6.484200754958584,5.783480540097221,1.0897435712433494,0.01,0.04915532141433291,1.9737899378057349,0.6091538780819337,32.309679,34.46153850620947,60.177572600613104
3.85780585,7.137099039891057,5.510614709817144,2.0884260058203092,0.2699921684347785,0.06270094404714015,0.8715205896614269,0.5946532057179486,28.69148255,31.756103160235625,48.88258001952401
3.82324825,6.644233761305522,5.796758363438464,1.6962984863605632,0.23466092405381886,0.0631940089626194,0.7196504879180367,0.713587681504692,28.87758255,31.139532545031138,60.029952888221
3.7979281,7.3589821722131665,5.58073260987909,2.0572851054292833,0.2781324159018871,0.06434661694818841,0.6115006918317847,1.0191585585354153,27.967529300000002,30.894784843294826,55.3213625503537
3.8599064,7.162230759681533,5.676659953823292,1.7663252577396773,0.29307471010390046,0.062047415692815994,0.43992454010960635,0.8758470256383386,29.241005899999998,31.73036423712302,62.28790702660304
3.82384205,6.549272179791567,6.701669298184827,1.5276283824474133,0.15448202793488258,0.06334034494245491,1.1442756891788495,0.7513332687909401,26.97503375,29.807738121594397,59.069094816177255
3.81380615,6.6165238679420835,6.281473408010756,1.7460537299958627,0.17071383372025611,0.06672753677813151,0.8112039322024135,1.1248516717339627,28.758941649999997,30.695748623031555,57.79132261046676
3.8070152,7.357850819859267,6.318738727285953,2.014243380312416,0.2439739023585985,0.06611653283257107,0.9604260272454477,1.0655187360945797,26.7652216,27.491329798852828,52.60086108513973
3.947162,6.6469106269516205,5.956343618115813,2.2697215172898666,0.3251139432572844,0.0720500844735669,0.7243005086646171,1.1787870251709134,27.8624487,29.304230815748678,53.624139108244854
3.7840842,7.411687627470041,6.372031280982198,2.1554626926941958,0.366640926623137,0.06489564222989228,0.986365630718338,0.6671536344468297,26.6923523,28.82132162015175,54.36257305748008
3.80512295,6.770738250881661,5.826158633823385,1.7763751776224688,0.19904173470438563,0.05593275955755589,1.3186864964948128,0.6953503506987138,28.9458456,30.877729600930316,55.952257481056286
3.79718205,7.561877267542763,6.5003525160563065,2.063491899906698,0.2221429647042627,0.06648914204261479,1.093349276255878,0.7337648984538764,27.32971,29.496202094840395,53.52606466709231
3.8028059,7.751901306646417,6.704062754095621,2.184327105054665,0.25959524095788705,0.06997510271350714,1.5354647338931717,0.8072047626117226,26.894429199999998,29.380791881234522,51.73967226829377
3.7542779499999996,7.1242159675134085,7.07229030961685,1.8626777946882362,0.031058144551193868,0.06510157054299237,2.0424832569248514,0.7062724968721059,27.28102115,29.7880525039329,57.32371256033509
3.76307,7.484033190617623,7.245319226384564,2.0626072117354353,0.12492569891363287,0.06919989547589722,1.5680441508085567,0.7134190878529953,28.502656,30.539238730175217,54.78694614698155
3.78261795,7.482173557626664,6.651944370700766,1.7270278434731257,0.11628433896958762,0.06348937513598557,1.6075351892701502,0.3944850168298651,28.3470068,31.552266387467608,57.422284796094296
3.806965,6.459758194580183,4.513584290334515,1.8261611965066793,0.3221311311907554,0.05828811479394695,0.4510068824352583,1.049710122236479,28.25521275,29.798427259269456,52.12166955120754
3.8043826000000003,6.385263418057377,5.544772319880622,1.9193529142856331,0.2269153908084371,0.06622510921949004,0.49963356557420924,1.104429181672487,27.4726553,28.90065663483744,61.75881992180946
3.9532198000000003,6.7256816292506825,4.205408259559953,2.5555753784400457,0.38807241437449475,0.06363839178545999,0.42570081819260364,0.7982745635298285,27.938937199999998,30.396834647808433,42.7785132617234
3.8060186,6.348605270214653,5.760456524672328,1.8702326558035582,0.33465488468140225,0.0627897080835351,0.46887721073430194,0.8701850255722364,27.16533565,29.136481263668827,66.47270472461507
3.8132103500000003,6.28982736694505,5.916562550326676,2.186467937846026,0.3154651550325793,0.07379994476959796,0.49153967325446546,0.8050207484671488,27.6762247,28.73631649407323,66.53558037092982
3.80419315,7.2508912899787905,6.008437944932421,2.0812481472204545,0.35620644866943074,0.06765017550478075,0.3300316910888853,0.7806817799089131,28.789892199999997,30.455441772395908,68.96075657451273
3.89361035,6.8847988952453365,6.171750930099983,1.8606144203602433,0.17743691592769045,0.06280681476190035,1.1727054529773357,0.6264954685886871,28.19432545,30.539577898666877,55.18002869324338
3.8113179500000003,7.402487517479267,6.175577313502757,2.3509786378037454,0.35815832191641656,0.07337995485372634,0.36182381883278136,0.5566901106393891,26.031719199999998,28.00945051044724,67.26718489657983
3.7705628,7.018441497582415,6.120049490998186,1.3818003632153992,0.21030407944110857,0.05707505958566838,1.0751185225916187,0.3641990367790853,26.98518755,29.140919605406594,61.20704201050824
3.8666247,7.024699974379729,5.08280686209595,2.366640302414826,0.467883463189229,0.0618054472174407,0.2295229226758697,0.47311013012197606,27.410708399999997,29.402609430192122,61.25239976733967
3.7876037,6.177477700392872,6.332942832377004,1.4990585436728265,0.16327852872722118,0.0591373142929143,0.7536290071884947,0.8839398264504345,29.3024111,31.12935056600264,64.03794465913664
3.77420605,6.756881370206779,6.845387318304625,1.7449562050336567,0.21963259767540877,0.0722533295544756,0.47303739985740967,1.185241059990932,26.6050043,27.613711746397193,67.15972055430231
3.8465638,7.096560766644784,4.992061616628494,2.838065574195757,0.3953706367330294,0.06789485650345722,0.3786066340386795,0.5061741145252299,29.0235872,30.589409170535156,54.58402241582331
3.8082626,7.097244339795612,6.528868015469426,2.4271501653263767,0.3673459647589185,0.06702283466907125,0.9150108704153388,0.43528078703212014,24.974308049999998,25.745502176857002,54.94122660287741
3.80260585,6.570107635626778,6.911729158718067,2.185648362614021,0.3141454070263714,0.07627204483828984,0.4884164481863533,0.4155901413387314,25.49719335,26.570559931429475,68.70173991085117
3.85826755,6.028383601472756,5.935826148458068,1.49045722798937,0.21022250442556278,0.05546389729168887,1.0365594052730052,0.6265813582651482,29.3285055,31.438808762422855,60.316908949660196
3.8471955,6.658372276903882,6.387093411413206,2.023261265169036,0.3033975013932403,0.061924854013649264,1.1866881714976218,0.6860438130608322,26.101873400000002,27.999613538013055,56.187556846369134
3.8586472499999998,5.598898793073621,4.360480397032546,1.192523866700197,0.17644511317178724,0.048199642830675835,0.47989192826665383,0.9564072550351379,35.84736065,34.55830653197441,54.98619362469989
3.89797735,5.416777693613286,4.590018437834617,1.302081625576286,0.2008362386925403,0.05291758746123555,0.6080188923853957,0.7775965354395858,35.2739277,34.834100402953275,54.14944596988793
3.77239325,5.458749243058698,4.653003438589984,1.2623720713782594,0.17083701046175495,0.04897003353873779,0.852454246212077,0.6827350605883973,36.4838867,36.55084739555826,51.81025538397972
3.87967445,4.926372110652334,3.976934846310313,0.8928742215616589,0.17270666215826205,0.04331126021194061,0.5695076816470461,0.8072507981201157,36.6095028,35.484178126587345,52.50304177431714
3.86312925,4.690859271180136,3.976027190856267,0.8422355832613246,0.10829021461932808,0.04464368082304197,0.8427903221486568,0.8722435997744176,37.4298668,36.36129218368219,46.25841068742618
3.87945005,4.6654101644243084,4.248732505211126,0.9414058462986169,0.14786790081601148,0.044546602695794496,0.8290330376323474,0.817131114735142,36.9161396,35.965865847885375,49.151826132537636
3.8617606,5.200828493699987,4.505251100655382,1.1572385858320948,0.16145757194239121,0.052017942371368205,0.6481212561506503,0.8334939769664071,34.874481200000005,35.63790222389279,54.227150827408906
3.8796264,5.555656151564572,4.476760460718818,1.4255980040460754,0.1571538833506929,0.05202155902116377,0.6470291402804005,1.1249560475651383,35.68733215,35.415090895755085,49.449710022282886
3.85374795,5.388600992729011,4.457723470592365,1.1486812205317074,0.1747799779783859,0.05103447019322094,0.7564987478178447,0.661681375269022,33.01124385,33.543212039788294,51.13714125828744
3.8566985000000003,4.884616898427183,4.343594606847019,1.0736124794515227,0.12333177839968376,0.046579163930777656,0.9184240313106924,1.0549638553746847,36.27653695,36.39757531716007,46.998186455943035
3.8728047500000002,4.872124739764413,4.285932640650104,1.2476477415717513,0.13797067202259672,0.050208091696507556,0.7525555494044776,1.0646801855502264,34.522159599999995,34.33709997449278,48.3898807893642
3.8639312,5.497974290402369,4.1105614938654265,1.126870290773124,0.14162895619200258,0.04402855436186399,0.612494913944719,0.9483792215918229,37.0616302,37.208138243201184,49.221070705137876
3.7836666,4.9764518859841225,4.25084387433147,0.9931801775451892,0.03364833690149392,0.046127874511558184,1.2443210660954818,0.8074700707667107,35.84032055,36.97156268141815,49.06927514482797
3.85033035,5.309281582377622,4.984531282639267,1.1791532525713635,0.13449228755300285,0.05264957021048387,0.7371012478426094,1.0281016341073728,34.5139351,33.87494482184328,55.83423348947193
3.83235,4.775702304662272,3.9613726403292353,0.9532246521329973,0.12845106754687305,0.04365525458753605,0.9960165086550647,0.7868323414309804,36.0409908,34.32868434201017,45.73722723420461
3.8653684999999998,5.19860664515652,3.915200730882227,0.9202991904248623,0.16032081492699757,0.04315402381618691,0.515459649439731,0.7165840468931994,37.034338000000005,35.59789745773487,52.94524061903782
3.8363105500000003,5.1005733154878286,4.713062948450818,0.43155219181717325,0.04534901018790979,0.04068488418765119,0.18707816843705397,0.9015838765559931,38.14849475,35.800637688233,71.07943952347982
3.9121337,5.53491386676727,4.582041764716061,0.886525358488175,0.08760186345473756,0.049039797009100924,0.3026012188172954,1.1513450697927632,36.9694996,36.13099675023107,61.53241738331681
3.8054919,4.896317191462949,4.620448063365954,0.5620658003797201,0.12469054869893291,0.044813291740804465,0.2102785262877203,0.7942803459077621,35.522609700000004,34.32796190601389,72.16159605909259
3.87776125,5.2645829747715975,5.211163340381253,1.295919793730514,0.2074902037269593,0.053053440285297904,0.4077086236999089,1.2982137454420317,32.6607399,33.5048672236611,65.03878218488217
3.7355892500000003,4.604059918160165,5.010922486758172,0.2406697085243049,0.028755689797019725,0.040212656210051774,0.17399274514064456,1.2021910441266561,41.77832985,35.10813980583687,77.25212900915801
3.5840398,4.739763662886697,4.897853486254774,0.3564808145240272,0.16052522288655996,0.04075469707418938,0.3858549632519197,0.9766148894995899,37.3074284,33.29988642979231,73.97910917239729
3.90249865,4.937047652823332,3.3450928791842993,1.0361293489668073,0.22573730043290102,0.043201667383136286,0.15090002371072678,0.7773774049938977,35.720697400000006,34.41386405530705,54.282979118465335
4.03342365,4.329452426487236,2.831822536677133,1.2979704864451105,0.28747809516725653,0.04286705309352145,0.13227662175237476,1.0928377656861281,38.61383055,37.32654815097468,46.54496461817794
3.8600658,5.2061103344605595,3.590170628602431,1.221117707583071,0.27553071911950106,0.04255101449512671,0.18552304059788532,1.2669561817524415,35.783252700000006,33.02288203383728,53.6775944979327
3.85898375,4.653774773772202,4.1238378075814435,0.6645661167171276,0.13806104518428358,0.04065799751998518,0.20582843190526628,1.4207911944756337,39.302869799999996,35.347873318756164,63.90571848440854
3.7497377500000004,5.3621371602608825,5.54394294505126,0.8689253060813314,0.10039632937102384,0.05070084699685623,0.3726404739113124,1.3633615144871176,30.585438699999997,29.488078905271582,74.36952437615919
4.077992549999999,4.823583348276028,3.6905970210262993,0.6869493030324182,0.02115256738845305,0.04205564764649118,0.28269272391720246,1.3061135876922394,37.50548555,36.44390383075313,53.74243936901941
4.18099725,4.707587413778809,2.94202939384866,1.134736632684131,0.12365402521086472,0.04187531214101392,0.04499399687984515,1.235300417290536,37.79199795,36.17570162825637,46.29540059200995
3.9592082499999997,5.680020918872646,4.1242899454249,1.3445071681025684,0.16839307926831895,0.04589305369435732,0.40870670470565373,0.9155758774912137,32.16500185,32.74035667566989,51.04144678268398
3.8092581,4.980248109556896,5.042842639723659,0.5631025946920396,0.12379944379837203,0.041103202150480564,0.664710342001551,0.6682064057666022,37.2752094,34.425836184478534,64.62123211692024
3.8450978,5.148961161571342,4.620071307637133,0.8583657107529552,0.19350948111105704,0.043029779283078134,0.11632252338998776,1.023144521585825,35.182441749999995,34.468957379046,68.41883948757867
3.7816187,6.02891371165595,3.6665151857239735,0.7247534533109209,0.08905196720771513,0.03751114414780709,0.7234855020025877,0.9175848327647421,41.8811531,37.799656335759636,43.281332175705025
3.8514789499999997,5.391200776831893,3.8355436633579636,0.99023089003559,0.17591527935455825,0.04178406981948213,0.8768017019640719,0.9906688201546152,38.941905950000006,35.80299571727416,40.30079705420117
3.8072536,5.604014915860734,4.1784216919136945,0.8968701425594577,0.05788526280793156,0.04086986596763177,1.0898703848086662,1.0549862090123827,39.8157463,37.67042000130693,44.43215140461172
4.01691365,5.557670840233092,3.003343120745721,0.9628084836094438,0.09978767578830483,0.03549053563198215,1.0534086489897163,0.7922138241324271,43.004302949999996,40.09791671306384,28.702971553801788
3.91838635,5.516952924565997,3.9004317400097324,0.7280669283810539,0.04020655233702311,0.03734813974617489,1.1796133799810964,0.6048343855955265,43.51550485,38.62717476791923,41.98364128336101
3.9107355000000004,5.468291294476008,3.3211488782779606,1.099600844672161,0.12520772849634965,0.03846754405826301,0.5121930549147968,1.334843235266833,44.63923265,39.717424611274325,40.73327287580162
3.7838072499999997,5.711542985039896,4.808580399977294,0.4558650095609076,0.012257411573717548,0.03920870088625191,1.0936748370538192,0.36528810568715664,39.316265099999995,36.356908728618166,55.806097438507614
3.8991551500000003,5.441788347594284,4.809120251330047,0.6791563061299113,0.07396200006309617,0.042439779378710046,1.0660758474601961,0.7255446106844967,39.1789036,34.922071736540815,52.138476060353476
4.0657756,5.401615170382064,3.2366496435252854,1.2227964652422483,0.18985731913080023,0.04226321771661046,1.0942781077393282,0.8372849387232467,38.003582050000006,36.68264583799046,30.47586259284408
3.8362695,5.534998849892842,3.9072114937891262,0.7772444092441745,0.07171145873974757,0.03726504676918688,1.453763722214851,0.6480312921497683,39.75214575,36.66823403747622,43.6024278708297
3.8707693499999998,5.4837790796987615,3.8871718878571073,1.0311387845157451,0.0740874184177488,0.043523601066762854,0.8073845810499517,1.0942053073988027,39.547639849999996,35.56186262174835,41.0258899546854
3.7977133,5.8422908329449275,4.135400146377923,0.6366241076644041,0.036460584990969706,0.03944053486513854,0.4926426573549715,0.8573457902833613,42.577922799999996,36.19303334798239,55.36320371766129
4.0925281,5.151298690172846,3.8732485767279305,1.480285600658798,0.09174887449278905,0.04635222090082374,0.925604306393418,1.1048203238020085,39.8818092,36.41916016888354,35.9139304064604
3.93603325,5.618824229335062,3.5433612250462025,0.7458468312706021,0.12815407920182617,0.03556385257563889,1.1855045363425467,0.6105747025453003,42.17793655,37.41258816563037,37.12615964305778
3.8753904,5.210063459266038,3.5670982459048535,0.47258076315213016,0.0260310279403214,0.03669619180419109,0.6806317201877187,0.7227007260418101,44.5587807,39.71463313213249,45.19097010877689
3.81396745,5.353519500113586,4.25133369774771,0.6937195765146144,0.09769539785344893,0.0437210664940533,0.1758982009727994,1.2253323607152702,38.4630928,33.2826734140865,63.95305516703918
3.77990065,5.471948275066487,4.320662726054987,0.7518384262824537,0.02634729232961701,0.042922597673263056,1.3364051197484792,0.7952677672353459,38.442379,37.86086620417686,49.15221381533397
3.75876665,5.13275000162928,3.717465668924903,0.3902870352108915,0.1312180281669314,0.038806959141751765,0.16123776879773832,1.0004935409134883,36.8597565,34.36967982371087,61.476517170451125
3.80084635,4.58660228212535,4.690894609175807,0.31038649918230954,0.01,0.044388743480877624,0.2637879204802082,1.4048144902423148,37.277919749999995,34.449877410518624,70.3680728509386
4.0098792,5.254124736966347,3.972457423699537,0.6761904777641947,0.05102630098438062,0.04215438255784842,0.09231611710118373,1.180118029935492,44.20427325,36.66691058415612,57.6088732678377
4.062428,5.212984975114725,3.3911393914657495,0.8936691992557076,0.10840577230258183,0.03937917502581114,0.11243997744315709,0.9482432454474717,42.5288239,35.818081016813636,51.800295100530775
3.9837635000000002,4.5434236797605365,3.3320703120164685,0.574362064406126,0.032453448349699786,0.03897507769511982,0.11829456155539828,1.0436600482356801,42.026577,37.70598649642033,54.027638110298085
4.04934595,4.680775197556775,2.977470174947608,0.9982825441728616,0.15728545634407975,0.045189025411962444,0.1293720563684209,1.4371179285801992,40.57391355,36.34529560366451,47.219014228815745
3.97009585,5.029822276076644,3.785633701142828,0.4909241368473854,0.05695722326351416,0.04015263514534895,0.20512215196267722,1.19255514527454,40.588724150000004,36.440047676640575,56.3639705069404
3.8769527999999998,4.617000932802888,3.986985546838072,0.40795124362665813,0.07352304304384344,0.03654780940464263,0.45605144735852476,1.0263457250541295,42.97663115,37.63945536614054,56.62671108064035
3.84443215,4.572709985760918,4.982819304666364,0.34786580154137875,0.01,0.04495809233786747,0.19566246475848242,1.1655163555067665,38.778036150000005,35.633341062945654,74.53054912396246
4.00525295,4.664864706635928,2.8408906054902907,1.2153800826363284,0.18363393917354606,0.04188284010129595,0.6318107978260115,1.1952286481189325,39.31191445,38.04709220482713,33.69220460524103
4.0788076,5.1773469244738255,2.7137556508317062,1.0362889409409668,0.12772218784888156,0.03908297186534615,0.4318109843829324,1.0143852258184176,40.274011599999994,37.55576144380762,37.490948140249984
3.86585805,4.760707879856289,4.1075557796533335,0.2775352190476625,0.0137057916382708,0.04247865561105839,0.20317278519125115,1.2363216912077788,38.43473245,34.86509964853471,63.313567470288696
3.7641963,5.387467936384647,4.700972309309661,0.632770662149001,0.11116132164254083,0.0410673553213417,0.46084501634045705,0.660099230289781,39.3116131,34.962101570873685,66.02823499994216
3.82967735,4.407571843881592,3.792791889286441,0.21910399971030975,0.06067343430921896,0.04195376200890122,0.3289230318291162,1.28397697946939,38.76428415,35.820757631577706,58.71690850447793
3.727031,5.028039524258958,4.387026241367394,1.8994745274356437,0.04335814370497678,0.16142877463381577,0.8929099461594056,2.226087597268477,28.455753299999998,25.65869220808171,45.38901566991996
3.6987277,5.102828327520024,5.030471362003542,2.166552482724197,0.040159747598503,0.16066559678716513,0.9724869573445816,2.634868478808346,25.2098236,18.631587011409405,51.67157324057168
3.69358015,4.92079486592138,4.17468592852236,1.822094211613523,0.04819040215941417,0.18647816006890147,0.8519872047000263,2.090115243168605,29.679103849999997,25.52215239494562,45.147763636721905
3.68527795,4.99787455481302,4.404680358712026,1.9126680213859752,0.047675369256318455,0.1893805207275587,0.6859614051654663,2.2241776092643875,28.2596512,23.968531137753317,51.70334492150062
3.6764462,5.093894892761876,4.194471723447111,1.8384452867173082,0.05124735675188651,0.19425365496453784,0.953095982694327,2.0656198649365884,29.387485499999997,27.62293114307614,44.560279394691094
3.6845827,5.153937280436191,4.778860635699517,2.072344244533796,0.04540045063239258,0.1679444624850785,0.9720366984969734,2.4483584665570888,26.3612709,22.86821398057948,49.4892219533422
3.65324795,4.933819707075336,4.386318682526872,1.9132868438422297,0.04726680444232208,0.19231559625109446,0.8440786267833059,2.2206080910468895,28.4503937,23.519126025373136,48.23518098551921
3.7009196500000003,4.833802196497993,4.391937090243605,1.8941665706169548,0.03357997880168455,0.18087993656775347,0.8924463883937626,2.2521698576940667,28.4531593,22.0272601203597,46.86955718139845
3.6614438,4.9887323438555855,4.222504360571775,1.8547343349129846,0.05190266217787751,0.13985365035413616,0.6469302678928296,2.0914309015812758,29.3689537,28.56401646375735,51.66000132281381
3.6695824999999997,4.830234512770728,4.138096799153051,1.8033504312267197,0.04570006868865338,0.18845820742803787,0.7265297605260637,2.0706397723661123,29.9158516,25.53780471565106,49.20147660152435
3.6601458,5.11317716933935,4.780559770335456,2.0771053952617717,0.044447172404548665,0.17910770211699195,1.0746096271868706,2.45450982088801,26.3350105,22.266596946088132,50.25500077178455
3.71358525,5.0724537157914575,4.373883129726045,1.8863157248265785,0.03580109095809793,0.2045009977080873,0.6326577264349497,2.2138839895272557,28.322799699999997,25.736198310204855,51.94111964268524
3.67021275,4.932153116871499,4.308864074027182,1.8841689385242595,0.04431858818541233,0.16628299548469785,1.5658770117749472,2.16037618912244,28.897067999999997,25.381859484507117,46.391183834526856
3.69060255,5.103395339938867,4.769541468863477,2.060538743978226,0.03662135404155077,0.1958545501078526,1.0230436091086477,2.4622615888316624,26.4051323,20.344465747373167,49.48438885841809
3.65034845,4.871401038065687,4.509846432749558,1.9619686902715312,0.04695535238591948,0.20464118089391942,0.809690339288141,2.3071013302901204,27.87322995,19.539107569171644,50.62391492996851
3.70937775,4.813220195734952,4.109742669582952,1.7899416204253709,0.040737867866977646,0.14929871120940374,0.6972420352942676,2.067139689126353,30.1761093,26.863422352982706,48.819980217717045
3.65239085,4.864846571623632,4.282024997664918,1.8784124008643852,0.046911748436516645,0.15239287506740923,0.8833050904725598,2.150639782202408,29.16910935,24.902294271446443,46.82813646953674
3.669258,5.016992314679978,4.568600072889364,1.981326088437246,0.04233436584698807,0.19004924185449612,1.087994192752172,2.332915612300432,27.3947563,22.76350429520294,48.50184238747152
3.6677599,5.186039451514957,4.9805284769383835,2.1664770402006814,0.04545324224366133,0.1490163985807313,1.154423195939199,2.572974196724977,25.4159431,21.40702258270407,51.577185795893286
3.69496085,5.145767146940342,5.009621937274679,2.154055251377833,0.03595471857590829,0.17297923807216603,1.0463719216722573,2.6127937221945787,25.25437925,20.159655918764503,51.427003911259646
3.68267515,4.747137974860175,3.8485606533164196,1.6977420045458649,0.05432779474264719,0.1430248711344388,0.586693867725294,1.8869335047907936,32.02452085,28.047619532727357,50.305313511771985
3.6894958,4.818527545759853,4.208062632123735,1.8566734778001934,0.05723818081807393,0.10382859921550214,1.0248942666272096,2.1099522468257548,29.7186279,25.407336587070553,45.36546662337059
3.7048641499999997,4.890276861316962,3.816162651411119,1.6797847710939453,0.053327023318632386,0.17330203197775876,1.201029860243091,1.849120523502992,32.026573150000004,29.489868304441057,41.19600285948616
3.7005284,4.938966538829,4.136382447174035,1.803164017215114,0.05349275685958935,0.1911955253245256,0.6314932432166929,2.0619865387911114,29.832828499999998,25.982326948248918,50.58177602792473
3.6937704,4.705265293144552,3.753293828686509,1.652694675771711,0.04963730038507666,0.1727906167825461,0.924197983903329,1.830169010962708,32.71382905,27.2726509713531,41.619478341017086
3.6692747,5.008354348071453,4.325076423618272,1.9018993778174722,0.057665238968738694,0.12007964803268686,0.47394453058825636,2.155794897077693,28.811668400000002,27.801978278001634,57.02054032636244
3.7255260000000003,4.628897391134101,3.694346354210764,1.6337272117476538,0.055352466413944576,0.12301398197564706,0.8445553934816616,1.8066828605830747,33.3529587,27.69235463910544,41.25280834143823
3.6936903,4.865644287287312,4.015561801769053,1.7658105269482847,0.05241776481401319,0.16311500609565383,1.1361442448059194,1.9820089230840954,30.74782185,27.12312101548314,43.373139835126665
3.7075639000000002,4.8618250890647845,3.8599298851639956,1.7045738546381561,0.058638107594965155,0.11295210268259666,0.46639620226757084,1.8800373152563168,31.861850750000002,31.366670426135595,52.61513977455409
3.7007590500000003,5.093225741431212,4.504467809308912,1.957373464504999,0.05142853378433814,0.18529261802130317,1.0872130338715427,2.2805889659103262,27.6696739,23.45905262745464,46.823517642479146
3.7044026,4.856115691801524,3.9757036394787715,1.7232279688901655,0.030931709418993106,0.20480592758582894,1.1519343319525497,1.9754236026150191,30.96701435,27.702700945649084,42.89491456891567
3.6517087999999998,4.537714417283058,3.465825628516249,1.519366827874157,0.02304955908322094,0.1678897833049401,0.8962098734908261,1.6715656096544187,35.013929399999995,32.28053604839161,40.76085617109973
3.68182075,4.529408738169343,3.7867751277679167,1.663625284082992,0.045709001850798396,0.17428423328354783,1.2686743404824021,1.8695262326270763,32.654067999999995,24.218516222569754,42.915834086837364
3.7037029500000003,4.735457763065615,3.6647601978278406,1.604822882589624,0.03368964850868833,0.18582269771735865,1.3547820713965002,1.776906911663179,33.2743931,30.498260555079057,40.49727563797523
3.6708429000000002,4.686717937383644,3.76614397718323,1.6337250093110514,0.02217111062293984,0.18218703914264905,0.7420300470952941,1.8541800924848328,32.4142685,30.82235988475608,45.9797865401831
3.6842722,4.513318426478102,3.289970839861251,1.4474358426004315,0.027007191635637286,0.16378944641748183,0.7973843748792195,1.561671351043029,36.5986538,33.706932348928426,40.41409546385846
3.6816876,4.68682329790063,3.5675108041865924,1.5436153068983218,0.011287727994183745,0.23931683994182437,1.336159795945848,1.723848031994948,33.81311795,31.353670157328505,40.442121879097066
3.67334835,4.731534464790402,3.5235660061752334,1.5294844429322567,0.017878904942126246,0.2324990268115359,0.7338652961805793,1.6943172828279804,34.141275449999995,32.58524564399672,43.77187520981493
3.7886145,4.7827424761782265,3.5393998392813213,1.5462853989389267,0.04468359539030975,0.18465108042289807,1.3768641398938888,1.6949207026121393,34.10212135,30.548517399166222,37.07838133382878
3.7305852,4.833246940088715,3.9055846073531715,1.6921960772086315,0.03487328727975621,0.18348832747876254,0.8124767579666115,1.9309668652975742,31.35638805,29.948545244713014,43.267075821572774
3.8097591826802866,4.780644019302018,3.1369110288076176,1.3814181958282465,0.033847287403715856,0.1808201350888557,1.0687118860247993,1.435844416260679,37.72024155,36.24423786215157,32.88011625063284
3.803229678387275,4.7364951955755,3.0863872601321347,1.359172938158617,0.03598938339590155,0.18266262543733353,0.7044021625879635,1.415200586112188,38.27202035,35.97131373495377,37.275432794600455
3.7259528316081174,4.658149204906204,3.292218688922407,1.4656579196338475,0.04883024223947341,0.1550232872030638,1.1418544571547002,1.5394815992846844,36.51880835,33.4969096864155,36.775676066303845
3.772166204516199,4.702468640423233,3.4551081518652182,1.5057362000115773,0.03875550278711886,0.19848074963839518,0.5501557687962428,1.6636317030309509,34.9369774,30.158993015040497,45.77929530843741
3.767174864277002,4.6826337039539085,3.306022568104297,1.4520633856332554,0.03762283915023555,0.16393647930280159,0.9783647868814747,1.558088851000584,36.26540185,34.320570197270484,35.86244558556561
3.8246947399164593,4.615030575403351,2.9146260787829377,1.2876649488284666,0.035928106630270136,0.17217041037472586,1.2796752919362948,1.318199325186306,40.18193245,37.20015306682597,31.12733476467884
3.762788607651787,4.7784250177907825,3.3423996389355004,1.4747479097060472,0.04289102684864897,0.18693858855606138,1.138879350457639,1.569798628489162,35.797939299999996,33.757946160518,35.899809043343105
3.77104033247179,4.8148022609472445,3.5191574175134734,1.536550481682024,0.04275789048398129,0.19532379411107795,0.7219874983025701,1.6851742474853448,34.25374415,31.39771309259455,41.25206852726095
3.708283740486758,5.015694089955209,4.028236546697295,1.7658183523113218,0.05135345754739487,0.147551587915572,0.6056304964316178,1.972244748790811,30.53029635,31.15529213362106,49.777702553592675
3.7423372199368328,4.842034069192737,3.5006953937650325,1.531554766963076,0.04527985027500836,0.202216682270917,0.4799144947790163,1.6678365291275972,34.280847550000004,33.22746866131907,48.28631706912437
3.8234438516285065,4.592799494087885,2.986803005862374,1.3165715528639272,0.03434996429860014,0.16798367542176626,0.9961909574898609,1.37076584578613,39.4933319,35.75924884427395,31.906930689033604
3.7172997077889867,4.905619701413984,3.8572607454456294,1.6832639860491292,0.04500090595269095,0.17377581027910594,0.527173718073924,1.8903307509178968,31.6647873,30.207578012792197,50.61069656472
3.773328332211044,4.763418346064434,3.3533625051665323,1.4704775537001784,0.03963755578016247,0.19850465146080248,0.9900733548643698,1.5873727008754224,35.69428255,32.74322788010573,35.83348910665118
3.7697530822705176,4.646251467749044,3.2712471876602507,1.4327000494464217,0.04087617155989755,0.1831832652127353,0.7030146746962438,1.5432867281969427,36.52888105,33.21284787291972,40.19771247140207
3.795678237664834,4.499119039242582,3.1396674284944948,1.37519200553814,0.033166905705454774,0.17187083726776303,1.288053272520758,1.4802721625061217,38.0408421,32.09717052474211,34.37753308891942
3.7381409230649805,5.045366659353043,3.883945633994313,1.6979648140054904,0.04553244002141272,0.18271091607258638,1.0964512001363929,1.8823904378571739,31.3276024,32.126629571608184,40.427099513469116
3.76821054524824,4.72484450306591,3.280121812336586,1.443061215225951,0.04105468437202172,0.1690591469417478,0.7554422902525111,1.539945588648327,36.3857803,34.75049518158219,38.55397864465758
3.781790805719949,4.6053200023110685,3.2030531729556717,1.4048229981662823,0.03725895872508608,0.171367578529058,0.5467397596251384,1.5130902802234125,37.26976965,33.309241203114595,43.69354013570458
3.8468557182287926,4.453587684448793,2.964850358034396,1.3032227615060124,0.03754807841354739,0.11332239254334645,0.54693669223872,1.3764313959708163,40.153638799999996,35.77161802023172,40.48899697223377
3.7235689861032095,4.720993062456941,3.4190540333399353,1.5096338071138464,0.049850869059244046,0.17103204887369283,0.523801224121448,1.618729368774843,35.224056250000004,33.00133839700109,47.228821256004835
3.6496544,4.794299147721359,4.308397957358393,1.9060832482311976,0.045450343700164625,0.05379504628422395,1.4004351049832793,2.1556573656239073,29.2090645,27.6577929296565,47.32623787848198
3.6184617,4.8890367916656405,3.9877639650311423,1.7839441885098963,0.05014016780380373,0.08127799840433961,1.6505758582723642,1.9214069550787989,31.05022815,32.66373100913448,43.98951083708268
3.6647164500000002,4.503694059314219,3.76771183746915,1.668694691263811,0.0349485445836973,0.0854222050171374,1.532373253051824,1.845689623393136,32.9004936,29.946544525529816,43.211199610722176
3.63557695,4.897991667796533,4.116344211454324,1.8185990591935182,0.04352436890135496,0.128658179283468,1.2477923019031412,2.027167057278038,30.07862095,30.159359795198295,45.21008784395761
3.65494275,5.28985873363595,5.25430353705336,2.2903004969426526,0.042773455519673764,0.07514441456692544,0.9515985287968096,2.7213618949918152,24.2598572,23.960704289636375,53.94618458791905
3.6313216500000003,4.896900479038212,4.163033089208126,1.8375781267190172,0.042166658019996195,0.14608481013886482,1.4586725725807612,2.0528087741221235,29.8361664,28.318602969884,45.641572477601194
3.6315194,4.846669576138519,4.167962081386762,1.851186674161564,0.0454038313790702,0.09358750695976414,1.3574233762210703,2.056314277816546,29.93403625,29.826868773513247,45.82899968858969
3.62758065,4.899340817102516,4.575270424636078,2.024631532919465,0.046849455583686486,0.05965407049482019,1.6214341598335333,2.3137719984064926,27.7069206,25.657001717367017,49.31791935942057
3.6745332499999996,4.830074215218522,3.9792088345557586,1.7493155523425807,0.03755375561600996,0.14747434095059722,1.1394828792520673,1.9612742047920126,31.002605449999997,29.53057310346848,43.66443184131698
3.6488123999999997,4.7220006244722725,4.28604102057478,1.8819019721938686,0.044151658067978175,0.07501085851299963,0.7934174796999711,2.147554133529032,29.36074445,27.036524996892087,49.556765695204945
3.64910885,4.842991922019781,4.4105489646589895,1.9359944136572707,0.03880144091931656,0.10044347840683716,1.2179092956040156,2.23098364447015,28.491428399999997,26.45990413453041,48.124723878013086
3.6086658,5.043631751143936,4.798419066144572,2.105668536567223,0.042777475657969605,0.0998771915435817,0.8467980036694303,2.4494967416980873,26.36342625,25.53021949042876,51.47858006404567
3.60865915,5.338179488099735,5.599088800193469,2.4675250548543453,0.05646278057045814,0.012042058903500389,1.037523534060374,2.9113225685928246,23.0186119,21.986062887805467,56.873223774240635
3.5636275,5.0454015853385075,4.953975515026763,2.1958865925746727,0.05343762092452484,0.07568122344988727,0.8690351626498392,2.5218808522661336,25.7730217,23.260262706646003,52.16861215578423
3.5958338999999997,5.186483547846859,5.120373619485573,2.254750857654172,0.051633943445599906,0.06410881078439122,0.7910931129964773,2.623995169273078,24.929821,24.137366960420948,55.311236447960496
3.6004618500000003,5.012073262268403,4.706822381715909,2.073553548960858,0.04928197823390332,0.1253227441341253,0.5597941589153252,2.3889229182505103,26.8409958,23.717825681298137,58.56680919330818
3.58224965,5.178457242858911,5.116419287768913,2.2588132644813816,0.053028995046648666,0.06502407633132518,0.7981077338279647,2.612918577155132,24.950637800000003,23.78205104295993,55.089482043735664
3.6107433,4.935272868712715,4.672077710251619,2.0533718275670507,0.045088550795969795,0.08687640996590115,0.8519845609072305,2.3769290989635152,27.0746155,25.251667394122336,50.60366170599504
3.6249446499999998,5.264813080832983,4.869630063576256,2.1512318637571664,0.05038741799354997,0.07256296206382289,1.0544513917401344,2.4510523536203657,25.92684175,28.510357861894438,50.56910025847654
3.6491127,4.588228686360882,3.6408074322330117,1.6257092161135334,0.047607883527111886,0.12032457693391566,0.8255999620865863,1.7567118132142496,33.907777800000005,28.798832621282244,43.26381380173022
3.66267465,4.862923706096356,4.334270249058271,1.9090424749066086,0.049988991241425564,0.11371207760085052,0.9371018879811279,2.1838678130983658,28.9463425,24.389118695532943,47.01474028091839
3.6876775,4.859560036080683,3.764837817524465,1.6646187455706483,0.05053718797476309,0.14400226502180835,0.5532275640745925,1.8165071725138884,32.48123935,31.19238012331553,49.88848552172696
3.6046927,4.7804995521011975,4.270315921350447,1.9096526833669196,0.058339197510765994,0.026075417940304275,0.43722693682403513,2.120462971487501,29.56023785,28.40858302467842,58.74906247131091
3.6343498,4.501375419359241,3.8975030567042133,1.728343287971009,0.04409191977982609,0.10087585244515146,0.8100530277311104,1.9382295992969558,32.10988235,24.885774690448116,46.38006824854514
3.61607505,4.742955736418226,3.884858092989691,1.7384979939351024,0.05562420844430204,0.12239056612670834,0.605095755413422,1.8869690673475201,31.91976925,27.802135528879948,50.8528041840189
3.630576,4.548185876144657,3.812092303992565,1.6914981295603009,0.04750262284290646,0.12806615750352116,0.48444619637190717,1.8795759020712572,32.59711075,25.296062463263834,54.307282146139165
3.6619941999999996,5.102409707288041,4.679143733994257,2.0450527012479336,0.0471541479974442,0.09940412715631777,0.3665388148478199,2.380931468747003,26.85952375,26.699521271861535,63.01217037717555
3.65809285,5.0456337846330435,4.596790510635195,2.0287078122788476,0.05813749849123219,0.07020652703205862,0.50968333418803,2.315789900182375,27.42751695,26.211509982370035,58.59508987640029
3.6364838,4.586415405817137,3.745149381780444,1.6727059788972105,0.0494083404438733,0.11947286395271053,0.8781399912630454,1.8228237799282416,33.0994625,27.078707258145904,42.994371844046114
3.72892585,4.696256315827821,3.7664387187937534,1.6486805932516835,0.0367521909129396,0.14999830572895761,0.5801418141755221,1.8609008030108916,32.68130305,27.3947594818536,48.84260022815328
3.7050073,4.693270441671021,3.4886567904880845,1.5451507507986189,0.047957845929387705,0.13062422940215612,0.32170963558670107,1.6709875981566304,34.930625899999995,32.140667347751275,53.91631634071704
3.7125726,4.482078007448196,3.382307787799725,1.4941400759102188,0.042043611004119776,0.1613609348811419,0.7265558263337885,1.6291515151465603,35.93440055,28.48140188043393,42.56310609374804
3.69919335,4.349180008964913,3.379352272148262,1.493992331246998,0.03998091559065378,0.1554988237700493,0.7639626148128609,1.6446848704684245,36.20840265,26.45933551209411,42.359000342125356
3.6419487999999998,4.709191463516221,3.9978980999049236,1.7640813525454466,0.0448831269730684,0.11893995257051077,0.680847771344012,1.9797338468376422,31.15192415,27.216978095363793,50.04248342225595
3.66169465,4.419873895374964,3.3312303402320316,1.4852763448976085,0.04707464471259189,0.14805147905654176,0.6348042960579432,1.5868369102064923,36.55312725,28.985949299007427,46.05719463771039
3.69625425,4.445676468037158,3.468051403442005,1.5303152592575437,0.04181817203651954,0.15792191273550132,0.7148828514496168,1.6912017707068667,35.30970385,26.614440567323584,44.20881906735278
3.6245999500000003,4.598619018240064,3.901478101892452,1.7433455821757284,0.05587192832371095,0.09267619155375859,0.33569982927950853,1.9263088484684041,32.06375695,26.08506592762448,58.9180894031057
3.7284943999999998,4.4665995511167225,3.2302777376375813,1.4266870201244692,0.03913895350747917,0.1713194440309927,0.6494141806036475,1.5393824899960906,37.29483605,29.9071771224187,42.962606017391906
3.6489973,4.776856627213164,3.7140016945040295,1.6418083652945765,0.04552665945885147,0.15555191917645933,0.5537400157860861,1.784345382990555,32.8960571,31.776885958111762,50.680238303766764
3.70244145,4.599754055658172,3.3891506433036733,1.5028097302837353,0.04092963964452863,0.15315330449520143,1.600104280774818,1.6082894469597302,35.7096672,32.21078617110772,38.48611642891941
3.6872495499999998,4.5989890383692025,3.480510384832928,1.5327304615496402,0.041772852889393,0.17794007734018935,0.9525308274636826,1.6648190410757946,34.8346958,30.988073896495944,39.73709601596371
3.711658,4.724234737848971,3.418054611241862,1.500323271383838,0.04335173043799379,0.20280607644686108,0.6859465655774981,1.6257657758063446,35.10125545,32.74336464483777,43.122455092959655
3.68566095,4.927561529824349,3.930876281385844,1.7250022317071219,0.04791850059545147,0.15754311773078716,0.8576006562326122,1.9227313076102885,31.18219755,32.182587476708065,42.92632065075004
3.7257602,4.530288111183198,3.1867244884828887,1.4042814757419153,0.035710141068385076,0.17657978949279002,0.8998787403704285,1.499591140727452,37.55199055,33.1304954836109,36.39134808892342
3.7600244,4.708761291463803,3.1149707423946067,1.3657886049432826,0.03794130273179094,0.21806927038443602,0.41940732940532066,1.4409671169469944,37.8218441,35.49404871007287,46.51915037391451
3.8042532,4.578610167665451,2.920651895512501,1.2779390604302971,0.026904612532888443,0.24202647308455688,0.8881432728078738,1.3367418509641609,40.186533,33.011151554591514,31.8884445339551
3.6810522,4.900524899423569,3.8683663405130213,1.6994823063111042,0.049372012875322654,0.16601970676359873,0.6546794135763999,1.8807045556669193,31.6306534,31.535339854623963,48.108621678480596
3.7080638500000003,4.736147346245616,3.579591313223342,1.5651041908290724,0.041619349315933266,0.20308996874482094,0.6341220056467969,1.7290778413196837,33.794055900000004,30.686494455330845,46.06192059924688
3.8216652499999997,4.634565390997186,2.7696811620077497,1.2191121870977102,0.02973477654647951,0.21514561633809448,0.8158131711471408,1.222538390557571,41.785314549999995,37.66191769250987,31.563233223766478
3.7687644000000002,4.449649883036414,3.092522278013761,1.3497049907434477,0.026509230718429304,0.21209807657906282,0.8027373198817878,1.461943068296601,38.55101775,31.519463353916276,36.672622481609515
3.8374689,4.595500135553583,2.8380911691039774,1.238929714219035,0.03284229179929758,0.2032625733207301,0.5322617971007633,1.287125083864638,40.91256525,37.395355361873634,39.472580247651
3.81863725,4.582134340882586,2.7637380928720656,1.2259390147943698,0.0329411932921581,0.17624463075118635,1.2787771516935629,1.2218807985897548,42.0309162,38.45670783938469,30.27140982449336
3.83686505,4.498350355185593,2.7067491532465686,1.1929402834204876,0.02736473009803906,0.20168091163770685,1.0010508166745429,1.2070324450277008,42.88422775,36.1717310512242,29.73712304726307
3.75977315,4.773146439515803,3.4941911602084827,1.5300075630631653,0.041591598320414626,0.1498725511209137,0.3046799097526489,1.6776663873945512,34.5021591,34.77622768343447,52.83122380799458
3.86789835,4.6420801455673155,2.5179703316811097,1.110155720462934,0.03219888050699682,0.21453647040658633,0.31669806324361727,1.0707777913028789,44.91814805,41.42234420129462,42.488325855112954
3.81182995,4.601534823446359,2.91760741035484,1.2716583755880464,0.02479854744782378,0.2508686061275841,0.9393962505468838,1.3363586830088223,40.14736935,33.76513080200883,31.60508348865875
3.7567227,4.598547375466433,3.325792257502899,1.4429378295542257,0.027224304229759317,0.22661154292899455,0.6800752312349864,1.5988767892975808,36.1569786,29.973144811155972,41.88569805005428
3.7936611,4.703632712526165,3.0468822701778207,1.346850750816437,0.031126312066491267,0.19442219537342958,1.3426733648651068,1.3897668067714055,38.77989195,35.58463597909088,32.747103969005565
3.7800398,4.759878255770172,3.253718978793406,1.4151383636164159,0.0323537288605842,0.20490493665258147,0.3347702678134844,1.5326348137551344,36.4987965,35.07117265157928,49.43076302399261
3.6867858,4.59250602428146,7.396322585375114,1.7040906014476769,0.1272489444493622,0.10477189654145085,1.3213358751085718,1.9852350941836012,24.5601883,27.900803391522793,66.6303190008085
3.6315672,4.904143389754162,8.444834246582692,1.8547489017947876,0.14107379640718296,0.0796232457117865,1.461311521796791,2.1275296122223475,23.307294849999998,24.936794860362202,65.67496466741015
3.696156,4.3832102053801005,6.646180667179015,1.4176572177911655,0.10690839208562994,0.07851083297454134,1.1231815268996477,2.6425637855414847,27.135101350000003,29.10795206623742,68.48069112928843
3.7323729,4.31642773222003,6.410820472332982,1.4734034216635141,0.11556162012519874,0.11294730055952455,1.3476936591988782,2.173692174764418,25.864948300000002,28.163658680613736,67.58485250445246
3.7656264,4.000488093353744,5.589464606246367,1.298847186411903,0.09664072607360594,0.1462487935197025,1.0785808474642753,2.167759668061125,28.949834850000002,30.310894225037714,64.25108681262414
3.76083325,4.375538750896539,6.60341938125176,1.6331731118675652,0.12948775678753083,0.07467736974280269,1.2173125873945678,2.440788770777732,24.27807425,25.110991314930786,65.93317277686397
3.7532072999999997,4.289476373173645,7.1322938754108325,1.5140869489435451,0.13514861219720914,0.06627869047264293,1.2126184671436424,2.845503129223083,24.34316825,23.759348881159944,66.98683322607764
3.7530612,4.2998392496212725,5.69700191861802,1.3849769574170443,0.09668821789604497,0.0970099886082183,0.9136274271108219,2.662073253411881,28.89251135,30.623395952005655,64.20406326342555
3.80377735,3.943716877292296,5.4491470683409196,1.2595353596818102,0.09575764878887952,0.09311174312878445,0.9082830948109073,2.6211369215982883,29.0573616,29.2418017335562,62.153512336109635
3.7269261,4.254705779764727,6.951803759093084,1.5107920006910116,0.11036807982422507,0.06269288978474956,1.3711587945775785,3.1116956858835083,26.650167500000002,28.009168889056212,67.79285070175641
3.72840595,5.475909775499662,6.003998567327683,1.862898668637071,0.0973597771825111,0.020480978364041183,2.8186494834257596,2.2519222676105572,28.675752600000003,34.33113472799661,61.46996538761457
3.7351627,5.098860127391639,5.989843072262621,1.811828532893077,0.1162543829131593,0.06851525321260435,2.2903127298514683,2.278478827737472,26.37597465,28.111373151355046,62.873655796888386
3.7228630999999996,5.125031054479212,5.983259263371995,1.9370278423502323,0.1170745423739498,0.10111623718304696,2.9156106615773822,2.2888905578139784,26.175409300000002,25.765457338412432,62.450062228393705
3.7371984,5.636431992276165,6.6961365547551335,2.146526232653019,0.12439344354244937,0.0320791220679604,3.2538668058258127,2.5891325330008153,25.2572784,29.82147803193616,59.36642407378691
3.7543246000000003,5.290997282466831,5.919868308881952,1.930104346139462,0.11533804626193467,0.059046261557048105,2.913581033739382,2.4721882228353405,26.51631545,30.074423306868816,60.35837314587339
3.70490575,5.729385631923713,6.5267286824968975,2.1181581892161008,0.13362380264175058,0.0378141799975811,3.1665325804847906,2.354542664763673,24.69114495,25.27913455268471,59.94108420303728
3.73846245,5.500145581312019,6.649020040284798,2.1171766403888013,0.11489085233618108,0.058200906027682686,3.42795476418211,2.4641127057833847,26.28202435,31.1486649094408,59.99201653073223
3.6962104,5.435713791971995,6.334918814486116,1.925702018383817,0.1134210610130707,0.06296189329455079,2.744437899870416,2.45250377955258,26.507631300000003,30.58070324834956,62.15030068848859
3.7174386999999998,5.392362103542059,6.282372961614119,1.8720721672952692,0.11621279727781733,0.05867140516482483,2.2256382042282055,2.724325520770221,25.92373275,30.95295895259229,62.0259909433399
3.7025217,5.807969565774227,7.079716672359714,2.1496949889052006,0.14081348970108384,0.016628041689974084,2.7132323724874663,2.889406264771873,23.518690149999998,23.67979954530704,59.556631867246516
3.71597315,4.5739448704532695,6.052983463607783,1.527123937612176,0.0990186881315475,0.16670254670761114,1.214787501640041,1.7468371276789196,28.2053337,29.796598370856792,66.76079602870058
3.7535263,5.121592553284163,6.737452697706544,1.8835208575051023,0.13686910352673595,0.01536462006248017,0.9724445567200133,2.5564519608624092,23.68779185,26.458835436014493,62.11868289421491
3.71582175,5.02270963978351,6.259758183649369,1.7327115678622316,0.110902524804079,0.06781924256489558,1.3159920685513828,1.8682432075196396,27.489723200000004,28.215327940192633,64.11517038985994
3.7325431,4.990680703621055,6.233644057969684,1.7158595497632327,0.10448580286892457,0.03913014511908273,1.4332234001442674,2.766264915630548,27.905298249999998,30.753214624194225,63.895936809615044
3.71577715,4.350903655734112,5.058143431037345,1.4604172399683353,0.09769237969242822,0.12018625059212115,0.834497151919279,2.5101487846229524,29.376836750000002,26.60353390252564,58.5675305740844
3.7359872000000003,4.875904527246934,6.132518838568599,1.7520928829555131,0.12480142817472095,0.08456306841549222,1.1730897095550405,2.129804686041774,25.26724435,26.289669715396467,64.09174012048476
3.7442975,4.961079357196587,7.296105357318199,1.752396758303858,0.1372690524184923,0.041107517204589474,1.0979801603092707,3.229218788485201,23.63347435,24.902483761042998,63.55362723134197
3.7585792500000004,4.627573048963279,5.236901146398001,1.3967301342811327,0.09092899147572084,0.11760783042146357,0.8569078431209839,2.072495701534274,29.590133700000003,29.39002930135741,58.060995180229455
3.7655737499999997,4.757413587424838,6.522401080394305,1.7069467216354959,0.12516648441394537,0.096504983342846,1.2156932923939603,2.807097843890629,24.93602565,23.545202397997492,64.01091295928485
3.7149465,4.690317625455764,6.0988016538510035,1.6712959889606431,0.10485394020279275,0.05494440632691391,1.2569982708924299,3.2703648915047587,27.796268500000004,28.770030518987106,65.694603059153
3.6925632999999998,5.007169084418017,4.711529772925253,1.1693310695649168,0.0800899703789472,0.06209177561248271,2.098674066939563,1.361962888075385,31.277370500000007,36.970393963708716,53.14182967515326
3.73547625,4.5292044318392755,3.8301799767934304,1.056078697657104,0.056036350029069905,0.08536243164502312,1.630409909621363,0.641032908272821,33.322500000000005,38.74837838584221,47.95609279790048
3.6874830999999997,4.9887956930180835,4.799055534443552,1.1285050889928545,0.07214653441489306,0.04472440362051243,1.9894935081175553,1.4259305748432114,31.387999999999998,35.08845795529081,54.4812098010651
3.690194,5.070821836286042,4.771259571150636,1.1553209305861856,0.08063711562596249,0.06692178407530097,1.4609872132836872,1.4188823564336055,28.985000000000003,36.87671344613054,53.6724064934921
3.69456365,5.0179954968159475,5.345275680723471,1.2743297758364314,0.10092354473503848,0.07863245287241508,2.1826182036348314,2.4039805609781304,27.84726715,33.730582816975655,59.529668023708815
3.7456598000000003,4.723470912549179,4.3868636161582115,1.0374935010142456,0.06457320280099026,0.08304727406769441,1.9289691935817685,1.18188224256378,32.827999999999996,36.06569678419042,50.38652407887921
3.73648055,4.706363195452624,4.527225096455036,1.0189581405246604,0.0638853069017055,0.08132718731896738,1.6295680947383562,1.0898394585086748,31.923000000000002,38.35773449645966,52.771406195280875
4.4830048499999995,7.120703454195702,8.59354791526421,1.9064621795827215,0.09951959148271522,0.1211085815591528,5.694496134563368,1.966374916662204,25.0876045,28.479222086594284,48.8827389828905
3.75752655,4.562857247514316,4.017075481754313,1.0644222142666497,0.05529389601859756,0.08352466455290394,1.8193209728732764,0.8747783471519943,32.7055,38.71678471101367,48.09799013348062
3.7114861,4.9245138833104685,4.577040439498038,1.1327786308218764,0.0772928442835024,0.06551496789516792,1.925827148069216,1.3494527117546662,30.601499999999998,35.817587175990724,51.6765377850226
3.8429915,4.393516316552872,3.2739299802639827,1.103065771419909,0.04338350434648454,0.10936644095118797,2.031020891614987,0.9355978194429527,37.9966965,43.374090343121836,37.987264929605665
3.8648664000000004,4.169097262417914,3.1773860520981425,1.0614335329901712,0.03186785030645444,0.12846996992092383,1.9222429725611625,0.5639758362890473,40.0276604,42.8745500491312,39.32397135455326
3.8290734,4.484640115976225,3.306473689966255,1.2733627526915425,0.04431822720999732,0.08657425493743238,2.476625173394242,0.834535593269209,39.655687349999994,41.34784123879757,38.09512648132763
3.83020615,4.244817688931542,3.6868540007678687,1.0972419210520303,0.04053125161508564,0.11097421260413384,2.0155604398166806,0.983524791641907,38.67169575,44.59861319828401,43.190229616987956
3.8056251,4.723049376263094,3.794505590973595,1.2297879872080264,0.05775919922483428,0.06454456407526804,2.2930909913122415,1.3286020623050772,35.7331734,40.633783383814006,41.09044137791905
3.8807124,5.099608499111822,4.085156192716381,1.2353633245941908,0.03563265866385739,0.0304293127264297,2.522205762846818,1.1409516355230034,39.529726,39.747651990226416,41.576352823370975
3.8342153,4.24713363332235,3.5506997826733118,1.1700609302850775,0.04458546507904783,0.12180029234590624,2.106381301062065,1.3435200673914387,38.6576996,41.68066141169159,39.807360709894205
3.8337021,4.640477222718227,3.57552033708935,1.2511261990908351,0.04970070715636317,0.08479573802702231,2.3526649482682704,1.2317719506968152,36.85227585,43.52031584310093,38.40613279738713
3.86352645,4.2394988285653294,3.0043762230625366,1.048803915850745,0.02743748562864069,0.13287945449373914,1.876000727754222,0.6246292174167654,41.0558739,42.7041660911169,36.936764457683694
3.85103655,4.506248254513231,3.3569832395568975,1.167400081283989,0.04405485863410061,0.1223570059396244,2.221693373281999,0.7970286208374855,38.2875652,41.542703325177044,38.6791214635742
3.8367598000000003,4.13406363813557,3.447959290229003,1.06367588644876,0.042683769551112444,0.1617154228304975,1.3394897264574792,0.7912962834350518,38.5952301,40.47833264120776,41.96227921212881
3.83716545,4.272380491018062,3.9430090789671097,1.270392971718573,0.06048224013675445,0.11601344769335217,1.677256873885495,1.2944114170396628,34.2739239,39.294862170851225,43.48977984623233
3.85834965,4.312276231920761,3.6489537503731064,1.1813233875773381,0.044933263436749665,0.13745221762045404,1.9222069637265051,1.0607610380804782,38.73535155,38.03146707675934,41.0432415370226
3.829916,4.6026656108801145,4.215893900319337,1.3114818082531798,0.04765744708064557,0.09993508231753456,2.291651623227465,1.645644189225742,37.8781395,38.08350785728861,45.20368568465752
3.8471921499999997,4.13487891269539,3.453153911622416,1.0990546587113388,0.04234299940211706,0.16123137389175624,1.717951676473597,1.1420254452988534,39.639087700000005,37.751813562221685,39.8142709042916
3.7921305,4.052411147507077,4.132486548038158,1.154605415441902,0.05691165502193949,0.12331832338059409,1.1763370691309905,1.3607578862524738,35.2993164,37.929327404571026,48.058365160360175
3.8380027,4.243036324542178,3.7078053100102837,1.094201005494905,0.05127374806535717,0.14511976607701177,1.1298716643641387,0.8180072399788096,37.0084,40.60205176013545,44.087040104844455
3.78562145,4.185080940125881,4.4372257920415406,1.1838146047293425,0.0650925083235579,0.10296138037644978,0.9781694403837127,1.974878951819478,34.005380599999995,37.5110912925293,50.91921736432224
3.8632536,4.213097263611158,3.4474302412421047,1.1247569500627934,0.03988397264621889,0.14663984434110058,1.9857365536010545,1.2749229721161952,39.7845764,37.90654147501351,38.28262433170831
3.8443445,3.7170999718773787,3.556265312059054,0.8889593379524628,0.04496122777777341,0.14779166682305556,0.4120971674329281,1.8938311157946788,38.11226465,37.19093433936541,55.40317542812733
3.65634605,5.409703438278091,6.028735147221275,1.9138532943000643,0.13843421540783019,0.10391360964509924,2.0388064686841214,1.5023976718762788,24.05205155,27.428997884087543,63.30016996077464
3.67568945,6.221181146132704,7.040573289331734,2.312375056218155,0.16220423481736845,0.043782424158844674,3.84124759404587,1.8630622333230011,21.65389635,22.36909950903465,57.906529703004864
3.6760905,5.725019250576251,6.229860190311108,2.052897937223305,0.15025722740997582,0.07650587946072168,2.3256529526317564,1.6744723722680344,22.79596905,23.555985148635035,60.96909480271343
3.6992216,5.29289612629338,5.271420244950981,1.8821285697761714,0.11935458818711646,0.0933457171496779,2.00557872879027,1.602829552631834,26.05109215,28.992155162003677,54.83371176872772
3.71855915,5.0726524506916615,5.516211688741976,1.8416469147605294,0.12904021168861673,0.14928794836882076,2.1013350645383158,1.358492697577629,24.3601856,25.853862293888035,58.06490603778168
3.7049925,5.0761446825711545,5.3030557387504444,1.6960048911599226,0.11797818531958751,0.10514817393870693,1.7514458611995338,1.8426830345682028,25.90363695,29.262871101748125,56.70274673506933
3.7002227000000003,5.579630497699378,5.901214287934281,1.9613451135147497,0.13574300255834398,0.09839124382841516,2.641740638557609,1.5383250007892797,24.0082283,26.00678647693868,60.252340908817956
3.6924687499999997,5.191403258477079,5.9972578690077345,1.7343885359793128,0.1430181871138398,0.0798039772749495,1.6488212185805728,1.2000658257706862,23.0533371,28.54786096474257,64.36545419905093
3.69329865,5.13841655908977,5.8925997076847505,1.8311807264968643,0.1301876196854068,0.07891535911967175,1.4180226990806197,1.6650949095599308,24.545021050000003,28.698943065923466,62.61520443389669
3.702046,5.58963801504981,6.676024922798895,1.998034591190533,0.1399214243366083,0.06799214858077975,2.7351589317646483,1.5393120798134956,23.5952225,27.032705110977673,61.08757976440083
3.71895885,4.651740953185414,6.251448230862739,1.308156376435892,0.10875907408597729,0.09333936759984987,1.9625662737136529,1.6963793459492567,26.482910150000002,29.201079156017975,67.36125168316374
3.53964885,4.367477624079981,6.040430718150043,1.2354809148669392,0.12333594636200215,0.01928165566971768,1.136521649142694,2.0293854543612864,25.02013205,32.34118217906419,70.50703735381512
3.6423215,4.523544558041019,6.5443489024729615,1.3122281359777406,0.126795511188754,0.14059437404543518,1.3601654937054461,2.174363225988835,24.5191765,24.840412325391355,69.56226063896679
3.69726085,4.084589365455306,5.911042448878506,1.1211839795467546,0.09993896052931225,0.14964382425490272,1.4298139505942706,2.569643277119555,26.68784335,29.003541409155474,69.95225820267788
3.66210675,4.7881554642501705,6.084232287613913,1.355468953393056,0.10902800856510264,0.10132238805719218,2.2656689653741244,2.2941801483381923,26.7654667,29.50311643658185,68.04483256884576
3.7021891,4.415043863094836,5.618295759259192,1.105516182610438,0.09558200957956334,0.0909553293744916,1.1020570290031189,1.9773289904082483,28.499393450000003,32.743781873737966,65.41317013328063
3.685061,4.701442606481647,6.239206021753549,1.170552635025507,0.11056116637739208,0.11871505430102354,1.5459382208771082,2.606071928904033,26.427507400000003,28.92144183852283,68.62980327469484
3.64784415,4.539030020827429,7.157465884976524,1.2896089975427394,0.12447485689767154,0.07268389139394293,1.7763191642483664,2.7056054600104353,24.46513555,28.823426494749803,69.60322388622063
3.65913295,4.265333055739747,6.098695285520569,1.213836373217168,0.10663069023784248,0.13713908067249314,1.477107162172894,2.049201115199104,27.08498,29.066059621465815,70.7696995152631
3.50971365,4.309381632104368,5.556771537264224,1.1112587532869251,0.10234764656340409,0.044637580912298934,0.5934903201324679,2.49492418688214,25.9604759,32.53150711532872,73.96715898636516
3.7522222999999997,4.723062561634299,4.990311372252533,1.5222120038671247,0.10382613081879692,0.09487425058287546,1.608524814057763,1.7591605739057834,27.4526367,32.27621311132809,54.231681975968066
3.7720143000000004,4.846273116952496,5.07151080606352,1.6101162324639469,0.11209699203318362,0.09158916872838,2.177268793608671,1.4605062729006795,25.952531799999996,32.24024157039034,53.75946309329988
3.7297947000000002,5.273465448201939,5.313811093417851,1.802922710524017,0.12869563504023815,0.05521784057258271,1.8670650418386436,0.8860039798698616,24.1843109,31.67407575850629,56.914570429004435
3.7308188500000004,4.9616653275992215,4.613410557482519,1.636095408590203,0.11258503940781887,0.11800032584020403,1.3999458334478692,0.7133669086004842,25.563709250000002,32.18160082367976,52.036262709581564
3.71420005,5.1414857039202175,5.31684406988108,1.8659920404536876,0.1253412039204183,0.11426602551490864,2.5439938578008614,1.1946665470509812,25.30255315,30.881206184333813,55.99700624426981
3.7650802,4.868728677877506,5.0999854868957755,1.6255535331544941,0.11744448510988084,0.0777682688221506,1.805974574722764,1.1832955415283295,25.472829849999997,32.64366002063586,54.53032304238639
3.73024025,4.8185777427134155,4.421937432607679,1.4936026821302462,0.10522662111993472,0.13803180985653132,1.1393212318044017,1.1451257776699406,27.164457300000002,34.05711873788685,48.94387410809787
3.73637245,5.109003802014967,5.089760409813625,1.6768588933397939,0.12603180425181285,0.11232854085797747,1.5027561986074347,1.1123499520788305,24.586976999999997,31.189967432067483,54.33997441039591
3.7639383,5.003121522381134,4.241923726769221,1.5670044824879727,0.10228126557186937,0.11850164256507793,1.7988424356494896,1.0030713905351627,27.7559662,35.07019860086196,45.81045324331547
3.7667774,5.129111361803055,4.6997554994081305,1.7802032168466568,0.11430303503285269,0.14586247578195605,2.054973401769429,0.8481689939216842,25.588962549999998,32.903518756850595,50.10957507620706
3.77312495,3.8049514069265706,3.8511034196496574,0.736337622475553,0.04165366257014147,0.19954224220531533,0.6117850897643484,1.3906211215731483,38.5222225,32.78406098274628,55.31046983078349
3.8176885,3.4210204581402195,4.058866457000618,0.7736597204582684,0.0476386971110598,0.14541643931409687,0.5502177503024597,2.369253706425411,37.4920044,35.69498789102854,59.01023740017565
3.7450609000000004,3.730218371905681,5.026927380453582,1.0896537328209701,0.072948743134472,0.14954824741008427,0.660329469034589,2.787536055514992,32.845476149999996,28.903294668822234,66.2926699184531
3.76943155,3.8404773698311523,4.3959467303296655,0.938886176774598,0.054063872524046964,0.17130076502249403,0.907706083996667,2.265275102932807,35.3123093,30.706057745191053,53.293792416287324
3.79508045,3.8943030514753127,3.977203848275752,0.7239460291590241,0.038410736882989654,0.15245856321906298,0.7185700361990361,1.3740940621378583,38.707000699999995,37.23381607009068,52.94172494935711
3.8234991999999997,3.43228328768089,3.8078868795206176,0.7900932936760494,0.04460989671953361,0.1545964182305143,0.35245993236387185,2.7036593831313027,38.1067295,31.38408217224678,61.43376564945592
3.79306815,3.643714730624554,4.1205553853499435,0.7593383875903197,0.047993241940242376,0.18916165833711399,0.6140870871536721,2.1909739083743167,37.4616852,32.959495882861276,58.2233172251598
3.78379175,3.934718831054324,4.193633992497105,0.7690282988388504,0.03875187954174045,0.10957751363263715,0.8199518575514546,1.511479544323715,37.566863999999995,41.46299374521301,52.4746395575896
3.75762215,4.003099357387698,3.8780090440125496,0.8322067495161752,0.03513294096215683,0.1827139151138506,0.4296316511806534,1.2521300135547953,40.46165465,34.47571536553487,59.859161902151435
3.8023512,4.007309274454952,3.8879104077301205,0.6959293649318217,0.03462930066379038,0.14612584955995767,0.5382848481525602,0.9415528246179339,40.0934982,38.489753395771295,57.94908663084487
3.72709405,4.586178997438509,4.538665970021748,0.9423047640706017,0.057822199893202496,0.12342242345687857,1.1382874779497705,1.5412768954320537,33.4195,36.08030042130301,53.02117523894148
3.6937798500000003,5.021134451939638,5.109973781092815,1.2451522549412812,0.07813421554121659,0.12763781213228537,1.6585100370604926,1.4463963248378822,30.690086399999995,33.84808322628099,57.08762435638269
3.6578442,4.86618060557397,5.756220261962705,1.2414194796484421,0.09576999117489346,0.11277043347809576,1.2967023974727239,2.248270470567584,28.44835665,32.298244829110516,65.68570119877151
3.69051075,4.366653395363367,4.308370410776745,0.9427453203874878,0.05800035547925081,0.16991842959775688,0.614694054347694,1.1296715309806864,36.285175300000006,30.98429950430409,59.93354138645459
3.6784353,4.679256834368323,5.603139335911346,1.269766730355256,0.09320614801877904,0.13771059729453355,1.0324674448671545,1.8726996213759826,28.673999999999996,29.610282247366438,64.08848733296898
3.6806827,4.933314710547379,5.206950232111096,1.2180922326016528,0.07966519083041415,0.11271525099732789,1.445556504557107,1.9861350757730238,30.97072025,35.2078261779311,58.93794627422847
3.68995595,5.128616189280271,5.583784236532546,1.3392670437399377,0.08828008674165554,0.13752703836964664,1.4782832712126743,1.8627298679994548,30.30974385,29.468796116263185,61.54291182049191
3.6688971500000003,4.92266078893906,5.3976626927241895,1.2257996042833028,0.08492609520442292,0.12232427816672423,1.0639771974057817,2.10078207757987,30.688056949999996,33.368534353735946,61.33009583393849
3.6746387,5.006526208581956,5.228784441975606,1.2504262694654926,0.07918142467257618,0.0875589093989855,1.012134847026238,1.8180820977255578,31.612564099999997,34.130406107692515,58.90155152476675
3.6986314499999997,5.026968887726561,4.837090811836655,1.0905954834689129,0.06974869489012792,0.1416290273425725,1.426879066368031,1.4456343627469388,33.310358050000005,34.54581276704117,54.64091939666353
3.8514726,4.372272962063163,2.9482176238682474,0.709615384547674,0.019425463666554628,0.18383561686791555,1.326839647735213,0.512549884083403,42.6573105,36.98959249446616,38.14446970740002
3.87335125,4.179517007953301,3.30569897059273,0.8125403202969744,0.028674844944454953,0.17860484523705378,1.696700385461153,0.6505755498804826,39.50595095,37.204460699071134,41.14683373531646
3.8153717499999997,4.096765663602566,3.726406999393105,0.7556893798140383,0.028729652353636385,0.1590891132726605,1.1710525001428902,0.9719012904367951,39.995163000000005,40.3601813242656,46.147438080873606
3.8686824,4.425787679212816,3.2693019286383818,0.7890859966409915,0.01676952649887438,0.1772375155967276,1.6610489725759692,0.20372706153572925,43.7272758,39.42940910007231,42.28990029587581
3.82592415,4.423104981206047,3.8253143289968383,1.0354226507577902,0.042732835684618525,0.15593504495849442,2.155333524072286,0.6422532741669547,36.94202045,38.00303161213098,46.13720815466569
3.79798375,4.164318887756152,4.0881663755081625,0.936041061177922,0.04492125124346093,0.15933046117153377,1.748533233351822,1.3243850035832911,36.40289305,39.80764614434571,47.96771097721115
3.80133365,4.336913988078328,3.5115910301351825,0.7588428976417187,0.02362878521673585,0.1758242381351714,1.2632843015469688,0.5835343466926927,41.7724819,37.365397752013976,45.17654144938352
3.8020346,4.421361168910076,3.583170769406215,0.7427182986271905,0.02450981869445157,0.1570199578106277,0.9576851892120082,0.6461579348089659,42.678749100000005,37.1145158678585,45.370941797154025
3.82298325,4.624798683454914,3.114726222496083,0.7644818646235527,0.012191222188303878,0.14296758468559068,1.541265627868475,0.2324398204993366,43.966480250000004,40.0094874142072,40.932745792035774
3.78165865,4.416751184909689,3.593757537353805,0.7129382902905235,0.023755066704775906,0.15391417128971568,1.1975186292676199,0.8656466506579574,41.948091500000004,36.49980726029614,44.999381328125
3.7593453500000003,3.2740475748111213,5.90675011328927,1.4850835691053033,0.13773322642054261,0.1019039435691786,1.7496286148919193,2.9580815857077787,24.090454100000002,22.165373508205786,68.83531995447038
3.698205475,3.639430784100212,6.163985243177933,1.5434419648273643,0.12754340694057395,0.10584181067974235,1.8458884521428252,2.4756130632030198,25.905746450000002,19.803438491780774,70.74199488521506
3.754762,3.8526753740683795,6.701398331806396,1.6153952035859311,0.13717625251456947,0.060582583630917404,2.0756111264607924,2.5131315128550176,24.645841600000004,19.899641983731364,68.1838064739387
3.7253991249999996,4.0363030111796,7.866851293478476,1.8056435962439739,0.1467905310592184,0.09865807414646133,1.878902110860754,2.8514620870704435,23.869802474999997,18.096505360342746,67.36094569336544
3.789983875,3.2633351994011637,5.629790171166499,1.2254675801101853,0.1340955353912485,0.08527253804997069,1.8760935784448385,2.081684866893791,24.617939,22.118030822301243,66.18986985204776
3.742499575,3.28809447685353,5.304324038138069,1.2771523893938466,0.10947045448105741,0.10342134529544662,1.3984966192695372,2.0219331860674568,27.7251549,24.870995613376635,63.57875425972202
3.729047125,4.144778289208718,5.699469165487294,1.4162761465052114,0.10663056438658658,0.09083813981748538,1.3324510428251113,2.1119943561304435,28.863359450000004,23.709461372869235,65.2909585803385
3.718189633333333,3.9586889715746714,5.840506269630892,1.394722425989258,0.11346967158433853,0.08425884972442839,1.9316967701455443,2.1223423300737427,27.59740956666667,23.103759522354796,67.92335592119363
3.72878735,3.3606658965631175,6.160145170519977,1.3437463746699265,0.11724029047199691,0.08574079751086645,1.4880599594557764,2.3377197102254197,26.7265034,22.834401313360797,71.25124824404486
3.727199625,3.3965338024309766,5.7571491665541785,1.2904252232664437,0.12436329009232683,0.09671835428648748,1.527693521400891,2.7646975245715986,26.120550150000003,22.30525258969323,68.86624236050173
3.746351525,3.1542860056969735,4.847519874790788,1.088092295831765,0.1030047018987466,0.12593581677049012,1.7289807686236964,1.944000065344099,29.033340475000003,24.904296505836612,59.317056285504016
3.7517110999999996,3.880923408644136,6.72179578050648,1.4530705678213962,0.13818188965848444,0.06909549408975513,1.463492318621845,3.3467232136480725,24.339248674999997,20.65595677099169,68.87419496922087
3.7021675,3.7113429030840654,6.175595951925544,1.253333836264291,0.10925033481469602,0.09080831526362942,1.5476282103866938,2.41890867672406,27.871294000000002,25.330325969585942,71.65773309564644
3.772081975,3.7269432752644347,6.094359853918065,1.580230979916451,0.13337445454423386,0.052489121027340435,1.5757084619952924,2.3900654664761527,25.129003524999998,21.16797417534321,68.39313985009765
3.7288664999999996,3.362914836992408,5.647312304806302,1.2865324274920098,0.11478723902366675,0.09714855835436131,1.7466062824732593,2.284003775434349,27.023889524999998,24.61274726214925,67.6378206861435
3.754202125,3.543320993707659,6.360764141676012,1.5570158374170129,0.13304627684626175,0.054790586170328504,1.4819454939287153,2.669149854206247,24.951288225,21.49182996728261,69.65284051876833
3.7200683249999997,2.9416517615945605,5.862215429075439,1.3837658465556517,0.1260337598394719,0.12991796435235153,1.7463841784405734,2.1759430408217595,25.954994199999998,18.926006858260298,69.78044672237712
3.769806875,3.3508596418083685,5.351420560418887,1.44316317754177,0.12578267677809937,0.10376157874976066,1.5603350856552596,2.3192095930619128,25.9050846,20.359077564173447,62.67271850698711
3.7392028,3.4109084972291317,6.2433496704784766,1.4130328797622567,0.13453172213615558,0.07658273853159707,1.764831338754782,2.3071072719074612,24.762025825,20.46192928111025,70.68215974363349
3.7733631250000004,3.660245711177388,5.77849948143308,1.3923371589480897,0.12499783940159254,0.10489839753131695,2.2196805430332534,2.5693998782087144,25.614654549999997,22.85392050074112,67.02767762247888
3.757261325,3.5114740564596807,5.664209507772121,1.3084238405842692,0.11409035687312542,0.07182907143312535,1.3523513737870303,2.7438170183494495,27.3292389,24.533460581482323,67.01565077922255
3.6990082999999996,3.7820910230364255,5.9866508112638686,1.4573357849169781,0.11160301658701141,0.07528061003722536,1.6516528670553978,2.062787676657534,27.523687375,25.026167594976584,70.40817614878013
3.7038933000000003,3.9194633913110657,6.16095587030072,1.4043036605210186,0.10626122028172885,0.07254634110156317,1.4629981010906057,2.222078445165887,28.548749925000003,24.429304283078665,70.1380513832361
3.754957525,3.745126891553771,5.894065453254038,1.419012003152658,0.12068015175588327,0.08077527216168984,1.7259958447283936,2.2895947916464063,26.255134599999998,24.096503057336466,68.30800177746337
3.7657654249999997,2.447929526830611,4.879010348938317,1.2967725385261388,0.12793737228309157,0.1441993262607835,1.9214118847021147,2.02708659404185,25.229480725,20.778080981449165,58.247161755775366
3.778519325,3.0197713031852413,4.8532583866631835,1.1344672646310165,0.11307898242925715,0.10258334194131899,1.6435928257015664,2.2311749576080486,27.565814975,23.90543673601001,58.36914895738005
3.759555875,3.2452842279529506,6.8640102383318276,1.5211084485683326,0.14773785479751045,0.07912782285187901,1.8945181094803816,2.541876477936161,23.242311475,19.13911155513373,69.69180805712128
3.7090101250000003,3.5428181162678083,5.37471514499902,1.2170549946905154,0.1138862394450935,0.1255285164952004,1.8240753471652669,2.465383667439504,27.454578400000003,23.200111028284162,65.44453296579948
3.748563875,3.296917202810187,5.516035527793563,1.1741471560917578,0.11101200031644098,0.1197782192121289,1.5152470978546415,2.2626681600357914,27.698371875,23.053525815477265,66.2069823246895
3.770274975,3.2341299176627025,4.935901172239474,0.9836791013794408,0.11104860832528253,0.10475460965130814,1.704696197799332,1.9650230470471621,27.327655774999997,24.784886248641698,60.153063218641286
3.771614975,3.4804788085504215,6.332993091692574,1.7769811095228751,0.14061734136026396,0.06924289995467016,1.6546742663486318,2.7215731789469233,23.721056025000003,20.440586216865753,68.25030384989807
3.758276025,3.649294485191004,6.214256974001538,1.5403120071631327,0.12326786028857477,0.06413721714809484,1.6422796311074492,2.335070257765044,26.0062542,21.26603397403489,69.2160763581761
3.7234598,4.323582994985701,6.671968588271998,1.74559415135063,0.1295779249363991,0.04301895692544214,2.121633220837908,2.565335583533284,25.544595725,21.18865314061152,66.56731067656847
3.79277585,3.4830871200831277,5.616488248056071,1.4963155910597399,0.13814714871952,0.0819071610448803,1.8876650151822345,2.10030301524316,24.649507550000003,18.890987696664993,64.76749869214711
3.7948002,3.8547781316200718,5.513207917790603,1.5334241372289465,0.12633471173860814,0.0733548776537119,1.8479717868341543,1.7786808501456461,25.494861625000002,22.948992748048166,62.20345611605303
3.7642057499999995,3.483696207933383,5.151647730293807,1.2590319085260575,0.10223423355035077,0.10452440618931028,1.8239792668776695,2.0159701314444494,28.7792492,25.126773228089917,61.44311047009134
3.748885075,4.3738698046044515,6.369962646502076,1.642510841827261,0.11096769588748008,0.05602609148195251,1.6821391071663285,2.5519310599629064,27.639430975000003,23.702545662397394,66.19671997817923
3.7795637,4.188526559470719,5.379853848595508,1.375478465030654,0.10057272065823626,0.08868590607569805,1.5053035811786766,1.882528290383399,29.167020166666664,25.61990876496947,60.53702704248843
3.8457713499999997,3.625640048182044,4.672135643530236,1.3014509673462131,0.11218833613199583,0.11946784918518998,1.7256911364975962,1.6399843063153992,27.377220175,22.916171914631967,53.627492890001555
3.7894432499999997,3.174333875026619,5.340290942050731,1.4042003207710487,0.13609621027724272,0.12219256783900585,1.8039207173883285,2.3427589913525555,24.56764795,19.75901940303125,62.23339683326998
3.8061882249999996,3.567057574005243,5.668692377541815,1.0911218168655894,0.10898751529554437,0.10595640403745277,1.7064109009120385,2.079212793971423,27.560359975,24.10441557415237,66.70528513777495
3.775704975,3.3352908152639342,5.632880172047234,1.3424526045650904,0.12908885454067326,0.10509084952116694,1.703844256203657,2.3031589695294223,25.1689167,21.023406576157882,66.0594962872665
3.751870975,3.665699626225793,5.508095645102314,1.46208454074617,0.11673163486016458,0.08559604582425806,2.0249084613479402,2.1107310796478047,26.812017425,23.759361135016988,64.26883895545302
3.754893925,3.7135701110704353,6.102296264801652,1.4053966318688462,0.12463517200630822,0.07411592111502667,1.9370006701791933,2.2578251703878074,25.7342739,24.164778881065075,69.65346201617403
3.790499875,3.3023549485285164,5.3237145323209925,1.4075828546660167,0.12868746309662735,0.1059701970743791,2.1025690950862055,1.7038029751168495,25.125944124999997,22.028418616994497,62.01019051298729
3.753612225,3.3699537693814623,4.670851445123563,1.3610603758454696,0.10082338501374846,0.1241863824670142,1.562911046635528,1.9611607977459142,28.636846549999998,26.828568151052014,55.98260489998742
3.7767979749999996,3.3021429159636924,4.769927233762579,1.4929106095056304,0.12034807623909652,0.1474194321508592,1.513253382457641,2.4163295502258944,26.077114075,22.555081383346312,55.90163456954617
3.7107940999999998,3.506541292356966,5.681672093833686,1.3179207359690903,0.10440697560915357,0.09584986605719628,1.0498412176601177,2.059549340754536,28.1810589,26.680056085804118,68.32645327097822
3.774138375,3.214998341689991,4.98366195407835,1.3826037366619626,0.1273521272857899,0.11635819997215543,1.052814732087524,2.096967036603348,25.092756275000003,23.220772417976484,58.802671993233076
3.773069275,3.4638968185192827,5.326667591636474,1.3663133532519487,0.11459257690108318,0.11403040856063083,1.8315901777765697,2.2087554006927315,26.6593075,24.616604224378847,62.66220263933157
3.746005375,3.4819599513275103,4.834222321193711,1.2632027350196868,0.10767464440093756,0.12144093363464753,1.2889045438433364,2.237184767868885,27.677345275,26.45115375564655,58.399739689237364
3.73896835,3.637900989796998,5.55570900066447,1.2835952930209569,0.09871195792174596,0.10048821729433181,1.2105125306004378,1.587333557575229,29.2265854,27.641849720025,66.01599500427797
3.7654721249999996,3.51225054268384,5.224597007475343,1.2732912039812092,0.10584918308708662,0.12637103049867093,1.4019181902899818,2.094555319710751,28.118301375,24.02589504325212,62.14763090807836
3.761586925,3.5832630163153363,5.024252298594049,1.2830338720258907,0.10732089642269839,0.12037510645719549,1.2951462500534507,2.31285053058654,27.8550701,24.613589022027302,59.837950354559624
3.7927742249999996,3.4991871032616535,4.456539949925379,1.2013982130918286,0.10467955266853382,0.11089623345344993,1.9037096017214734,1.7930875535043098,27.787061699999995,27.454745700491177,53.36551687991726
3.7361208249999995,3.61061689846644,4.913073435189586,1.182818837605537,0.10330691781180071,0.09915038798561927,1.163028436401208,2.261482271285068,28.4249802,27.549528846737374,59.59664098909407
3.7599791999999996,3.77598865766489,5.1765409470793315,1.2910293550824852,0.10162125214257285,0.09496254112079659,0.8541879631932459,2.4391428877633263,28.465734475,27.593858838614604,61.198798088609934
3.7381175250000003,3.96122113668328,5.463349607198933,1.3034956273306348,0.09581250285790492,0.07796598896885372,0.6975899339566554,2.5517923218919303,30.037515625000005,27.65456089118531,68.38932135524101
3.70976775,3.8374437895847984,5.5507095060965685,1.3305395603080317,0.10302514635579663,0.0832600096996809,1.0907982066306847,2.568465341678123,29.108892425,25.57373111868631,65.71127890492211
3.764901275,3.59615383016516,4.574433240783691,1.2061694350388124,0.09719910156615083,0.10724763431858023,1.4571567817659106,2.012095521457158,29.407136924999996,27.539303585171826,55.11659258530676
3.77409375,3.421039156665472,5.705195545480523,1.4032621766768805,0.10610457763896934,0.1058808875948131,1.1947215574700318,2.161984196354873,27.75406455,25.426015443772172,66.62160529031252
3.73208295,3.671740124573896,5.913001491674189,1.4110468670738598,0.10575503497824706,0.096171297972513,0.9585729432061957,2.1761881556824805,28.25027845,25.905450102663167,69.40641016811101
3.7430930249999994,3.811535687983424,5.784442468606943,1.4357726863584528,0.10474499615704175,0.07697991449863599,1.0765737404334088,2.567135910683363,28.1713829,26.027795536621767,67.0716740048965
3.7579124999999998,3.256081039186056,5.483962433025911,1.4456460526226516,0.11961690572353229,0.11619392212811566,1.303080837514087,2.522775626625581,26.2321854,23.71918743756669,64.41201470547566
3.7631432,3.3075168526948335,4.649582171066195,1.1960674585074242,0.10192031258142491,0.12051055156693283,1.3098765109955872,1.8043339370969504,28.450651175000004,27.368359552754903,56.246281644827434
3.7806345,3.5675771754412766,4.899661278074081,1.2780190794307464,0.10281216850654695,0.09904522482787281,1.132166444404711,1.865712100489193,28.21078875,27.868568529030473,58.07885580907886
3.74476455,3.5565076770461337,4.899434538019034,1.2265255864370042,0.09432826599121238,0.11608588605827125,1.1669193784453649,1.6245832041949488,29.94903565,27.45440569505178,59.24530307912437
3.7260607,3.4600874697549857,5.134702772737558,1.2938543451483993,0.09859788781088069,0.1343912732265075,1.1405642828493063,2.0840165082949187,29.006053925000003,25.476842035686744,62.05582702009707
3.709362275,3.623215130674282,5.772966356895617,1.3689888318660266,0.09954474821678035,0.11666477037924074,1.1382949818110557,2.2711795006254123,28.963705075000004,25.703254645671986,68.8141054017969
3.7513828250000003,3.3805093116198868,4.945033992089331,1.1957941031114383,0.09943556774408571,0.11096680893948019,1.5078065922006654,2.2286860114364875,29.315677675,26.818885653609556,59.780419277327965
3.75107115,3.5511847125371823,5.063637737007567,1.3660442105551365,0.0987145535028619,0.11345885929869282,1.0782495607917029,1.7138243611654986,28.855419149999996,27.07559181246154,60.28666979909246
3.7022046250000002,3.972107499495389,5.743982363495628,1.338744851914994,0.09463468068870254,0.07786724184769897,0.7867134412575133,2.3043955794936397,30.138885474999995,27.52433735390695,69.73385676773022
3.754735575,3.740925594648777,5.298026234199549,1.3453842728634753,0.10480800095898618,0.1095879309239735,1.1025802131566667,2.3151363527694118,28.5840721,24.57806534780404,62.123703274727276
3.72282885,3.7506796016759147,5.703640752198096,1.3423140478590123,0.10318394581337012,0.08918755887861443,1.1320132286583913,2.23186432457679,28.732685075,26.122614172801548,67.34395046487995
3.8004092,3.556751776476607,4.649341445670649,1.299834440221951,0.10382538741180417,0.10837625663517733,1.518935853992839,1.908525451071995,28.363618849999998,26.83256253412588,54.7849581074934
3.810220625,3.705820872358167,6.320594537724725,1.7356685639733915,0.1365162526748738,0.12963218561319173,1.6170145937766753,3.0307840747727393,24.433206575,19.005675489546476,66.82871858950867
3.751418475,3.57297043052899,6.2270311045871365,1.5523590974230637,0.11851517204265401,0.08744193961619674,1.6133630328270296,2.2453877242161204,26.363739025,23.564479213952374,69.62865389859904
3.7171908499999997,3.8212225918329565,6.409993127167626,1.6104930091208445,0.11762828191427455,0.09801549029827358,1.7442776443075327,2.5488718535620922,26.682497025,23.527469960254688,69.26641811795409
3.7866185,3.7726100351078036,6.053449387378533,1.6766136715786835,0.13952053028534991,0.09479469635662138,1.2232515724616055,2.3722271938718134,24.361810674999997,20.69071263992189,67.42390368126357
3.814963075,3.5871080371459563,4.95548451284667,1.4499009652022092,0.11028446550421916,0.1071887423072793,1.8482221148342703,2.1036883208951123,27.123788825,25.07256554741997,56.99135589790959
3.77168375,3.9561344279919615,5.699191426433247,1.573774098088605,0.11173939437539786,0.08546608519635003,1.7135775286216153,2.423882568464758,26.88186835,25.568114070846747,64.24894195082057
3.7613876250000002,4.066644250650195,5.5136615703595275,1.5072474062249108,0.10494966538847361,0.08529744287351088,1.8723028048256642,1.8196798176748907,28.32335665,25.836387524120862,62.342005703809015
3.767674625,3.749362890663356,4.781343524306061,1.5122292820021355,0.10323880112730613,0.10462568857949842,1.5501359004245348,1.7309520473269693,28.326942449999997,26.190715399549262,55.36009901351742
3.749136375,3.9195193014816665,5.631471203832546,1.697290085820022,0.11636634312437488,0.1011911640611536,1.5930448013914587,2.0255514598969357,26.864568675,23.304626758960183,63.66135192072683
3.812160025,3.7841271292456833,5.066323219926743,1.445585670545295,0.1135166426640119,0.11622030845746914,1.2849842945037695,2.1777488420003115,26.603912375,25.294295367686733,57.53471749131542
3.800154775,3.7345108993310814,5.050842688762787,1.4956158170928793,0.11452034647223908,0.1138652306546952,1.423055368012403,1.8645281343880113,26.54852295,24.3452132762119,57.633886463596724
3.766646625,3.9493292941751257,5.0485285338207895,1.5197689515553279,0.10329881030722074,0.09777113574150938,1.639218242994236,1.999144901480242,28.416830075,25.91554365432169,57.508837536166716
3.7936384750000003,3.774707864678479,4.945084771451418,1.5007912333180837,0.10927353885345328,0.11182215778644373,1.6555469449727787,1.6546992637550209,27.651252749999998,24.140856996036902,56.45908969240654
3.765437225,3.8971669135855933,5.551614849899362,1.516116722081605,0.10453906319881365,0.10337378080586461,2.0535336571520437,1.9738034720874245,28.3416481,25.07600776530951,63.2719478047389
3.7776757,3.9631455674911287,5.43532913676739,1.52182590415739,0.10373619836546194,0.09260254546814663,1.814084451089261,1.8484315710002814,28.269449225000002,25.533990176654477,61.410905906985676
3.7821166249999996,3.6342431188879267,4.7562127277696415,1.311035264257852,0.08583319494938632,0.1354170603502417,0.8820499174139151,2.3392126365902843,30.88294985,27.30286152181725,56.06462861291348
3.7524240000000004,3.571582106749557,4.823409810187032,1.306684086141335,0.0886719794843558,0.11906187929464662,1.147592050384973,2.3748029170335743,30.671751025000002,27.11046244461557,57.80502142716179
3.7636770750000004,3.829030370469859,4.888307041025087,1.3374559754776782,0.08496478884159872,0.11680362049630952,1.0707870756462372,1.8721027396372247,31.102523825,28.83834879454032,57.103596952606964
3.742540825,3.730334947896683,4.830666140560405,1.2479954001389586,0.08688772743441797,0.12320777772444141,1.2022366159187947,1.845716857896145,30.914838775,28.50875091355364,57.77992465421303
3.7603337249999997,3.574513601293914,4.456914887824959,1.297175849567787,0.07698079972654755,0.14410590686309144,1.679255859970255,1.7206241707997898,32.4265232,29.40301446428311,53.620593278237436
3.79833335,3.3084092027624648,3.8004571193497245,1.0829486774747086,0.07687319698338231,0.14470823084442383,1.1197146078821025,1.8736151732396953,32.282272325,30.085701039613603,46.5619323246473
3.751169625,3.5267103646406124,4.294731384766688,1.1121646879005078,0.0777469823985946,0.14155926635560798,1.1666829913329035,1.8779874919673816,32.951032625,28.45978833194551,53.029369780523105
3.7572291,3.860784501444316,4.740104334921809,1.3745422697685086,0.08691786450765834,0.12974520529443317,1.140167824655915,2.062908245340236,31.532676700000003,26.821652302188788,55.35222284915744
3.7416126750000003,3.606404801723416,4.734500699696683,1.3390824802858812,0.08482946315683225,0.13853534951234747,1.469460298341458,2.3245837215092915,31.405126600000003,27.231893374154115,56.821774940599425
3.7672488,3.6700943224630977,4.305734491378997,1.2861654625017218,0.08217760488653429,0.13661816038880853,1.5812446501057513,1.8114920359628697,31.795419674999998,28.20763781935448,51.47025146287517
3.8161051749999997,3.8816008922413356,4.205268678043188,1.3358666796723986,0.08329225156999578,0.12439223752572706,1.151956105030076,1.773229912521384,31.239440899999998,30.01929909437338,48.10905966042474
3.7782466500000003,3.9172862285257053,4.510637447606335,1.208168800626179,0.07272998380072168,0.13604507424271198,1.0906453476295908,1.8396221060402977,33.485597600000006,30.003296982373502,52.83425892561066
3.7347625750000004,3.749884621686428,5.067906223276022,1.3279559692096754,0.07585244790485529,0.11881169839982492,0.9939241964437255,2.1686062279757397,33.0682621,29.442133071101317,60.14336744665148
3.7628299750000003,3.63215397683724,4.674291082697572,1.2366289314616516,0.08279250798844348,0.1373936483006058,1.2710684839119644,1.8544743481051946,31.7873554,28.164155898008833,55.98830636411466
3.809422425,3.76437535488081,4.087318506875198,1.2690007147140911,0.08586038861193615,0.12468077292990704,1.2907519037852033,1.793374342161889,30.757772425000002,28.63704917087814,47.73381194510779
3.7695657750000002,3.421558833844605,4.530468002844735,1.2437749839732095,0.07913427536186687,0.15402584395970595,1.053168485359407,1.8749476940067784,31.757057200000002,28.34462179564649,54.567361956744406
3.7950128249999997,3.7197997626189685,4.51374223162725,1.4064502054503607,0.08925747875611839,0.12029334072676728,0.7785406809065564,2.0099210208488074,30.4216595,27.697841987717684,54.822877276339156
3.71739865,3.544110452845506,5.05735691057263,1.2120436245807182,0.08174784553202259,0.11405211822466993,1.0425502033358398,2.313094336763815,31.883304599999995,27.821578521041882,61.77309501071683
3.759596225,3.8402647475780576,4.8346267994620735,1.2906051119409239,0.0843894249802121,0.11552880575886026,0.9211159522968997,2.0234903480304585,31.569433224999997,28.544465462280805,56.78249184773604
3.7641663999999997,3.902856787418823,4.543146299901473,1.2896775410461756,0.07262112300357221,0.1325004801929763,0.9774734418057405,2.0812650317266526,33.000446325,30.697842222240446,53.2352239262115
3.7756149,3.639713871735321,4.483330388300628,1.1890403411152046,0.07958324380858878,0.12970718925027733,1.1491174383632818,1.944241915750971,32.0084839,28.924536181417167,53.75809092410147
3.742785225,3.898784428659998,4.938489888260012,1.35326944689248,0.07912231212883054,0.13078052505695387,0.791847119754252,1.8670873650018849,32.631532675,28.094912297885223,59.96757587137869
3.739016875,3.662730128784547,4.392988047574582,1.3244434920242452,0.07742845736511922,0.13923490818393564,0.8478441952965559,2.054180897095268,33.17983245,27.78804937830604,53.59472145652833
3.781090625,3.8533590377813134,4.477223318122467,1.244155155017798,0.07958326537009104,0.1261462584276848,1.256605192635646,2.1661489020205345,32.4363594,28.017382738084258,52.48344874320123
3.779417625,3.8690938716431145,4.381277049594278,1.3217506654201032,0.08214213541876464,0.12030672782102661,1.3072164454776067,1.9799720424717027,31.944782275,28.57778307316436,51.066955461619415
3.7621428750000003,3.8314836029627473,4.5845669722445335,1.2286373492514953,0.07824958566443918,0.11718726816010283,1.0203064441226748,2.0997361565022694,32.41449545,30.180480968484584,54.287540603166256
3.762851725,3.938774846457424,4.839221914931685,1.3474331981443517,0.07341298599478466,0.1328944545799134,0.9467725279441931,1.9107725699972078,33.375623675,29.178078594004194,56.117773053199954
3.745852875,4.0266412113749785,4.769247083497005,1.3272589389314966,0.07679260537702554,0.11282970765902613,1.063380952335486,1.9008475789180825,32.98313715,29.389331437791952,55.526127873383494
3.760110425,3.749985018374313,4.606555700510471,1.248289005654248,0.08362767272743946,0.11907393862915179,1.1182505712005857,1.8882469310868153,31.7321701,28.597407267495257,54.80664927135144
3.7464958499999996,3.6600653824779927,4.659693331435977,1.2961690040727905,0.08775058690650728,0.1181279841894871,1.708035720722215,1.9839949874229021,30.978374475,28.435306234656622,55.86354081741976
3.7882566250000003,3.238357318675666,4.519165372963254,1.3543843365380508,0.09192846244337882,0.1588977234907836,1.1812225385898945,1.9662315854526164,29.76249505,25.940891492742942,53.48337092407422
3.7530626500000004,3.633507570054539,4.72655133489525,1.3903200981669128,0.09341775766393147,0.10960016115798278,1.3768397333028508,1.8420506306082047,29.651329049999998,27.729624735363352,56.11540490157494
3.796683025,3.6648138506109986,5.309031041183109,1.5234871941314125,0.10907134916147729,0.12117346555695165,1.5301550116227167,2.6732321765297264,27.583732599999998,23.020351941639007,60.69612395095477
3.794745275,3.982357980545527,4.624392390011659,1.4979199588986185,0.09499210819312971,0.11919975155304745,1.485228492080028,1.747929981659006,29.367136000000002,27.236223424436044,52.12651883841657
3.7667023,3.875376039301498,4.744633228244193,1.494291968879815,0.08889381330045962,0.1438905771950009,1.3302007425519775,2.504859854559999,30.534347525,25.94870839196596,54.57514071817354
3.7947637999999997,3.887311967676408,4.320428034043344,1.3983613363717027,0.08439389241798839,0.14834163292310776,1.2852416208336408,2.281721147752716,31.355388650000002,26.930381306017924,49.604534685612514
3.7956127,4.00259791032695,4.596448559093085,1.4172177222633657,0.07903324494877727,0.13316715102072868,1.28457635006773,2.1733504586485592,32.082717900000006,28.21381514196134,52.07988153344051
3.808203575,3.905116856277591,4.40400744292619,1.3962401410156406,0.08753413448565936,0.1374652254557449,1.1532790301337534,1.7557296316102644,30.656370175,27.78579665586959,50.12546178993216
3.7774637,3.831984796841886,4.9210715815222645,1.518323828498997,0.09478308279569125,0.13150822673319243,1.3569159973794958,1.9998246484156983,29.555047974999994,25.76902912528804,56.300855975693636
3.803904425,3.986616954608478,4.893962947435313,1.4308579865489828,0.08995798931526895,0.13278012290405652,1.1717873157406726,2.1771516357861964,30.256177924999996,26.743599623193212,55.13506533673454
3.782716275,3.7325342812987334,4.692452757359694,1.4795258739532504,0.09938063534777249,0.14238470017670957,1.7389906080661974,2.0047837032150446,29.146854374999997,24.50169844912276,54.220298254792866
3.793191425,3.818701019153524,4.447864624159682,1.3558606046896529,0.08170220122717195,0.14127597063226105,1.402564006877626,1.6624359935578137,31.615606300000003,27.672705975785796,51.49525672506888
3.766641325,3.995181197320991,5.018505583287295,1.5349745581100096,0.08319723612554179,0.10902187381860143,1.6507644407394937,1.6811680752869584,31.299592975,28.209157622060822,56.934983326586206
3.7787224750000004,4.046808689764244,4.7948231823822205,1.5389324913426492,0.08799698314103307,0.1300833002480299,1.5817356440687205,2.1381132403888032,30.716053025,26.773575754120202,53.96376744993732
3.7941816,4.196225235974552,4.795763613913254,1.4627366541469358,0.08617983097807887,0.12462847860067418,1.2879898943646713,1.9618944666449742,30.904024125,27.703946615037985,53.34993981434189
3.826780125,3.6568894421096014,3.2345701171386803,0.888631083760025,0.03984114417701866,0.214705151792988,1.2477504700034063,1.3938498075657277,40.432363525,30.62053943549182,40.0614560355553
3.8178457,3.4602173234741267,3.3701039813643447,0.7434537016422811,0.035067902663157235,0.2374292389300421,1.3526523367852203,1.527410712059087,41.119129175,30.68166118946945,42.8689499100328
3.7844588249999997,3.6209010263194905,3.3253742844260405,0.8608239613422621,0.02930939755153804,0.19842728154641817,1.082480556799104,1.3200531065708678,43.230735775,33.442036520778345,42.37783945703969
3.7926684999999996,3.502942655302739,3.485850089932404,0.8874024565026901,0.04225125693974103,0.215447455249832,1.3349268164490238,1.7884416484196386,39.68889045,29.22007500838029,44.12589852376253
3.8171230499999997,3.629300679069135,3.315527384390903,0.7992620002558568,0.03289915934729355,0.20156983931622954,1.183939429851375,1.5159445097392297,42.56311035,32.04349808024047,41.695127486804765
3.824930525,3.4431190496312394,3.1648339701101635,0.829003846782455,0.03792900165420409,0.19640614453238597,1.1263803507334291,1.6553078439880666,40.694639224999996,31.810251416694435,40.060379052400634
3.7955522499999996,3.5962916036397585,3.3958649941832104,0.8031784283030088,0.03450126111426019,0.22778221426501868,1.117368862849064,1.633719636775231,41.81150245,30.456105399913316,43.22515733888616
3.8089314,3.653274948858948,3.433169725493507,0.8094739341149713,0.03002717320921995,0.19191760587973244,0.8784632116912107,1.4851732315794606,43.051511774999994,33.8034122966046,43.05147757413806
3.82516825,3.6179680814821893,3.289741036660372,0.7738858264806128,0.03664204978545787,0.1854897383523985,0.9841268166982219,1.4131989751045348,41.4002304,32.74844513562087,41.368149068602726
3.834409825,3.5146535601035587,3.3416456033436512,0.8028817501093108,0.03849670296646175,0.1956134720556941,1.2870817028944532,1.3982689175141287,40.629302975,32.25226032660406,41.878091479918965
3.8320345749999998,3.4367511070043255,3.148122625590981,0.6465418104637819,0.031633727560165484,0.18968469269982163,1.0059236775701774,1.2443840776806183,42.92837715,33.72501888538149,40.31548972699823
3.7791756999999997,3.5364362479795317,3.3218666957676106,0.7676994413676679,0.0360739106991798,0.19301919860282923,1.0041047028292502,1.5193572990502142,41.7797241,32.09515119281995,43.198869869227224
3.7823568749999996,3.293261864024964,3.3146421585256927,0.8532215577749211,0.04605113607388392,0.21575823619062978,1.3097292877086486,1.8576642036804953,39.226200125,29.649710644216135,42.65910188928152
3.830670675,3.3251857088878154,3.2683192441022815,0.9029515897154085,0.05324453254520766,0.19601190712180028,1.2054707618001406,1.7874206395943344,37.653533949999996,28.316900178100564,40.72186939422358
3.83772415,3.220524198849914,3.1728369251678874,0.8972308726475202,0.05761035253649689,0.184207293186206,1.556990615598533,1.641552866415721,36.70980455,28.879130610679944,39.52428955876911
3.7623208000000004,3.67514422371849,3.695345745172178,0.9163452124587722,0.03471446600635564,0.2176370053609289,1.335917861739966,1.637159553273392,41.835178375,30.592686367960912,46.53023196018471
3.77636945,3.6499151065197157,3.473724708385541,0.9408434756803918,0.034643009775851094,0.21929151617509346,1.3897443274574024,1.5555563926513136,41.9512825,30.878658026193655,43.737781128111195
3.808796525,3.586606733048349,3.275886192544638,0.7898258761946073,0.03631219528266509,0.21361222355405815,1.1447869374761275,1.5358724599951787,41.469959249999995,30.616637909520072,41.67567577113287
3.805674675,3.505476719127421,3.3581006220568215,0.8329331639438511,0.039550857954460464,0.20033685990968664,1.010223049936854,1.9516315857248605,40.739418025,30.414757047601263,42.64296703461983
3.7797566,3.7865728507129557,3.3859674061743936,0.9737031476065674,0.03616527631928252,0.21343971443117288,1.2084128412164028,1.7510143399569955,41.628320699999996,30.460847837072407,42.01679007639414
3.7660911749999997,3.5353271500389667,3.3751735066509525,0.9110353993812232,0.03754853589957671,0.20118756556032058,1.108607582486461,1.5772666075478416,41.3249855,31.048375018870505,43.47173691631943
3.790633275,3.5996750732232963,3.4095471044889765,0.7160023802462545,0.0306774131246979,0.20013921636860701,0.796845969425982,1.5147660941255943,42.878377924999995,32.683916212109345,45.85076044940808
3.7671476666666663,3.770723526230522,3.6302759941524827,0.8643214795021813,0.033556268318981126,0.19334552686040496,0.8230862065899528,1.9076481443074769,42.779485066666666,31.22417578362253,46.83829436170849
3.7680959250000003,3.512550775902421,3.4199983992889234,0.8032355180792112,0.034620703270151945,0.20507812377615006,1.1744025820266095,1.6223937003488413,42.683935175,31.039613831182468,44.39331054903006
3.813612175,3.5298359208103527,3.135500799129483,0.7188444085527175,0.031733123199975156,0.187817426863716,1.1315184278952015,1.1626057436003105,42.9361744,33.99363021582568,41.053504148405565
3.853901675,3.587081685520358,3.11531610223241,0.6772035371318638,0.03431525757851159,0.18898581329258665,0.8022661485732414,1.3855765193521177,41.972524650000004,33.09578480678961,40.94434433850558
3.79753865,3.5257680758027297,3.3560840383625514,0.7897053791002304,0.04256804778284604,0.19668573401567283,1.038306084112235,1.4758834329025132,40.37932777499999,30.462212098085942,43.01685976745549
3.77265155,3.3749814587271985,3.448931060318997,0.8927529737801387,0.046991545539627644,0.19557090569480526,1.1356708073439983,1.7706148254662515,39.328989025,29.78378355476331,44.197756005411115
3.811947325,3.2845549190008123,3.5193284723135627,0.8031741755114585,0.04588844645582255,0.18469480712608236,0.9060979321989215,1.7076255790155912,39.41205595,30.95805223324446,44.386211422743614
3.805432325,3.2914519130198916,3.4218828793318017,0.9209299342675452,0.0593421603305534,0.2028288454010555,1.2559965699318352,1.8270027022360271,36.610483175,26.401167261287878,42.9561782252428
3.7915604500000004,3.418591589059769,3.264281655146352,0.9067216423664559,0.04224426282448406,0.23291470804640227,1.3083430889072538,1.659920732461033,39.969511025,29.201665444034262,41.638565416115036
3.79312335,3.625378401736075,3.3686818244005075,0.9055601487313787,0.04585132949630276,0.22669812362041383,1.4533609827139953,1.533672998039025,39.371677375,27.81574803316947,42.41937390396143
3.80176975,3.5809054011348196,3.4708960334271395,0.8659305861313004,0.04180296112753798,0.21599864192164522,1.2601540639396538,1.7139538855571728,40.13294985,29.8014486275567,43.672095483529766
3.7788046750000004,3.5654765824519092,3.660871291919124,0.9501597617205588,0.04408281998819956,0.21652543544483802,1.4583653177636267,1.799547287493057,39.862566,28.722949235026082,46.01315661887011
3.806423,3.3916393783854186,3.5921918314727996,1.0109195595025322,0.05172145135729282,0.22636313810119685,1.3980986915297735,1.875736093671859,38.0576992,27.45017974514291,44.397490747567375
3.797669475,3.6005775520866363,3.5122218533588017,0.8365983406185205,0.03905067392078067,0.20675357216533086,1.275662624872115,1.6274704246345655,40.785144825,31.052074925238458,44.28234079536331
3.77415185,3.513344518358493,3.4646283783928338,0.892437644497026,0.040313943390637055,0.20937303847959324,1.444344835166406,1.533595183433361,40.627170575,30.052462210844418,44.333736336531025
3.805237875,3.869980220057927,3.674077323508423,0.9903807529954995,0.036954015968642305,0.19370542659226922,1.0742121217510379,1.828331314590823,41.152563075,31.35821790875938,44.14170187820101
3.76834305,3.5711153562651394,3.7157246372983828,0.9549445743844356,0.04759617916865951,0.1980879013457293,1.1701844929591019,1.9361307542291473,39.136707324999996,28.89406416153708,46.83293156561134
3.800107775,3.6188716025330985,3.8450715839162197,0.9710702105110159,0.05115943192643952,0.19166331547665658,1.334314128775158,1.818917461535519,38.097309100000004,28.182053410019858,47.20047490816125
3.8185857333333337,3.7051212626108416,3.138560691726965,0.8916895749597219,0.039812610874014935,0.2244968034569892,1.2461390861641493,1.697247392720629,40.67711896666666,29.0679616503793,39.01387597309685
3.7836429750000002,3.7364545323206997,3.74049299131744,0.9755030076839799,0.04455077690523585,0.20138151706868643,1.4197256979718005,1.6371092391154225,39.989492425,29.0020350927805,45.9917120192394
3.8040022749999998,3.5507620025502282,3.3639900719898197,0.9262461906297431,0.048001687577244774,0.19224248188667195,1.2703043440740969,1.62053072899836,39.030857075,30.12859234399611,42.29201944726138
3.76845575,3.5469384296116386,3.663265588039697,1.0533518366477908,0.05482941237727838,0.18106466775993638,1.3547851307889793,1.7847012254813406,37.424787525,28.22187113041418,45.9099673036244
3.7485714000000003,3.3233382682096595,3.6593755964148054,1.0467140333873834,0.05688924900455404,0.20244482154487917,1.457762683632973,1.8401105071968868,36.83037375,27.08388418699811,46.42080693244755
3.7108676000000003,4.705853695884829,6.69427727875089,1.6163656198252787,0.12570145695755586,0.04411666120378947,1.6371983950745612,2.191917175419941,27.72189696,30.36305163924252,65.9813042551051
3.6785125499999998,5.283744458814339,6.698880193777771,1.7436568941923856,0.12774269403030386,0.03545004232969025,2.3620161863088276,1.2110082578786974,27.881857919999995,35.246909906618356,64.29080309466659
3.67427445,5.584682118293597,6.742678164301782,1.810317151811553,0.13026275495286574,0.032572858202785,2.615663007944129,1.3315684736427156,27.461185920000002,34.741359773299145,62.63737629216081
3.67454765,5.571908414088149,7.170863423939866,1.8323084782251144,0.13902894702354124,0.054854172224904144,2.6701572507289555,1.8464936861941623,26.555256959999998,31.89182844874936,62.581905623219896
3.7378504,4.8672058347680345,5.893517606410751,1.708627017363419,0.12025765667761293,0.049058005709685416,2.2473255827475667,1.6092662586088817,27.928626671999996,30.368538326870055,63.10509965985195
3.7925976500000003,4.140448650604965,5.018428373106167,1.2942426319810802,0.10286074047443039,0.051070693053708725,1.0509150943829657,2.0530886328537052,30.261174336,34.98300037803334,56.79667784925336
3.69623755,5.2871923002913945,6.12864097785416,1.6604630842354566,0.10851422813222059,0.022348126862187623,2.02108757676952,1.725045218661642,30.337150271999995,37.48744168521267,63.90506773117215
3.6687776,5.386828274440797,6.111615172199458,1.7033929276581259,0.10930331286965216,0.04197738027413078,2.3300125996738004,1.5978886186580876,30.045402864,36.81398227236054,64.0154349155814
3.6786133,5.5638962720850405,6.298708508859993,1.6477418233690766,0.11375684361308527,0.03085805974307953,2.0591367274105563,1.8251204601318853,29.566133375999993,35.769346633973136,63.333539241266394
3.7405303500000002,4.915227494839751,5.711630591479673,1.6326432830404136,0.11937926496791244,0.025838528030011586,2.3509848779954248,1.4746931276472128,28.060550544,31.04519850421898,61.19720235016019
3.69730295,5.570661901819385,5.905046993404559,1.610613419146548,0.10900257828009163,0.02549582460296665,1.585067029583317,2.194681869938748,30.242655023999998,34.98309808909837,61.96465955876963
3.6785109,5.140841376056638,6.559450763357913,1.696265939460161,0.12477937548721789,0.08848247005736361,1.885376249711765,1.4459696960685293,27.811318367999995,34.21256710824927,64.75402030856895
3.6632515000000003,4.791557509422538,6.357835163657796,1.509521576813724,0.11197248298089461,0.10366588276097063,1.3987858524815961,1.9228764600738075,29.238682271999995,32.767402638599854,67.31669979718149
3.6806159999999997,5.495683455293289,6.296233598359079,1.6538638400676333,0.11446178175582333,0.061368590707440884,1.9506019197326592,1.7757509192317813,29.26755984,34.8203946034581,63.5196784125589
3.75094795,5.515391736850598,5.962903086820846,1.83296891038747,0.11848257113789236,0.06259621954882745,2.601373513171191,1.2641389114926902,28.218495503999996,32.779153703954094,60.5103851200322
3.77083135,4.7333268718546595,5.250999975439403,1.5209869666419658,0.10338345423626483,0.07163734707972266,1.4677657858203048,1.7313019496251036,30.488922719999998,35.89428282204545,56.59008250055224
3.70993065,4.85875684820049,5.498266502397729,1.5883770761102856,0.09980507393219643,0.04793520478928216,1.1649955996803185,2.0028067905283278,30.646955568,36.390105843378684,60.03852939700266
3.6859363,5.112831629961412,5.487554820240852,1.5938835244569851,0.10342808260369467,0.03183716211791023,1.0472367947622279,1.612019300522141,30.818519856,34.973802558612,59.515022198168154
3.6909988,5.341935938517556,6.200166697872374,1.7469480831591426,0.12009666386192482,0.030219932030909356,1.5912065252050769,1.5278057957984799,28.277213712000002,32.4453877271133,63.43925116472688
3.71922195,4.73084196540975,5.659023702894201,1.5286892733663122,0.1085104644221706,0.07026591335554683,1.2928312141464344,1.8648578226107795,29.344400015999998,32.984839914801526,62.32858602998576
3.7379751,4.688148622294621,5.461355458912431,1.5581969104153415,0.10948934730061817,0.08601145693086557,1.624413679721504,1.5531453659479921,29.128145136,33.239326069545285,59.72624618122567
3.70213845,4.934626026926094,5.118701770992073,1.5113332990888957,0.08705842742405193,0.03786476232676429,1.189507348746459,1.5233626046842932,33.000161136,39.23163301813794,56.12253809652734
3.68046995,4.986197455797818,5.475970711116526,1.5671956226019421,0.0978397527634158,0.08686764070721242,1.2621903442984752,1.3895366070923678,31.62628416,37.432638572609584,60.13274074971093
3.7036073,4.687831095840281,5.324320758976379,1.5034894595202357,0.09781187022478063,0.04766084601053433,1.1515449545076948,1.6839280826125314,31.198412447999992,36.04729544704563,59.32816168848164
3.7515361499999997,4.617930753597431,5.709367831751911,1.5566947971032943,0.11241092265563346,0.07271239270875651,1.51726905173808,2.3363419408749295,28.935908208,30.950997895323006,62.38399254991124
3.7279069500000004,4.414893261738058,5.159715486101263,1.4579560052580063,0.09957509303039147,0.08143795297833142,1.4940651680917987,1.8108328270292464,30.368014511999995,34.011778698109765,58.17331226946555
3.68506695,4.842953476842269,5.970691296626116,1.6211747928138203,0.09846672623535953,0.10942609002817542,1.2746253128393144,1.8485956476068988,30.80608704,35.779472915786705,65.75402490750267
3.7140268,4.8944377097048175,5.6132288568101245,1.5925746951949429,0.09722983280408933,0.12378640415315112,1.1381508815291395,1.2059541835167162,30.594433584,36.871410422981725,61.36553950244383
3.69276415,5.346623597855395,6.173665751179667,1.711489714542616,0.1141328313963305,0.09166258748177829,1.370061416395655,1.8364819964801533,28.66645752,33.332232158003954,63.534993406552545
3.73864045,4.507128058318115,5.744189061189649,1.3949568342068683,0.0979098877740748,0.12175751809508965,1.1951950136529992,2.3371736992032197,30.809760143999995,32.5248557261607,64.23672303498509
3.7014641,4.2980139429261,5.674546439281259,1.186890634897861,0.08804854071638618,0.17568549453477655,1.1282889872028623,1.8162695623097995,31.546768799999995,34.16983425589939,66.13743443414951
3.6876386500000002,4.536071503061667,5.610471947517994,1.3184669314382087,0.08610399903076103,0.1361156527162984,1.1724625191284048,1.8125839688321812,32.583295872,36.651930983952816,64.27488312094215
3.6928947,4.46024139310796,5.452252718195726,1.2644174062907705,0.08136077320678442,0.12435294933754429,1.001386305998373,1.898476340229178,33.376461215999996,35.805575172142326,62.94271371346156
3.7380143500000003,4.246177486078542,5.146196697764919,1.1419844794204344,0.0720248327557715,0.1210999467062899,1.0440017298680568,1.8815638371295076,34.64037048,35.69434367889697,59.8319124129766
3.7555206,3.943797308258344,5.121087616112411,1.0667736252658049,0.07655094442117824,0.1946834370125562,1.0258684689467923,1.8501656084241351,32.961943392,35.81254617385381,60.62208614515994
3.7024809999999997,4.233942934229472,5.290487016199756,1.2268634511144023,0.07634352878290296,0.15284102646670003,0.9192759086751561,1.7702360075254646,33.976021728,36.478092167677005,61.97112271323027
3.6854609500000004,4.40402715178788,5.367648409302208,1.2377389551772229,0.07259391112347198,0.11666592914598765,0.9656976753276174,2.0562802030733405,34.502330928,37.771273861944294,62.53707801245284
3.72316185,4.416250701557475,5.040565029238939,1.2135069579400395,0.07161030638784502,0.11692546449797377,1.1364927354275256,1.6622084062536253,34.168991088,37.055671862651096,58.06963101047846
3.7487451,4.272089198708981,4.836351845341587,1.335699393785085,0.07494118822871156,0.14711887595189985,1.3196019067148712,1.3756223931399583,33.75309264,34.88711690512054,55.2037743442367
3.7460366499999997,3.991241886270717,4.861638156055685,1.179216287616466,0.07516753084982306,0.16064961016390195,1.3988741010981254,1.5603752955073276,33.28281921599999,33.646709911352595,57.330708368918934
3.7176074999999997,4.327780376194399,5.103528885638657,1.2051441785435726,0.07260583297653296,0.14192480412842523,0.9490788038631554,1.7063565119104986,34.611831648,35.90827091078957,59.27772602377755
3.7060159500000003,4.4659954669570485,5.65956591004716,1.340677079476587,0.08149957055676697,0.11281554027623457,0.9788427578897607,2.3159838273257045,33.425540784,34.54832099280767,64.52537032951471
3.7210052,5.128588258314953,5.679166687171966,1.417967784735021,0.07700892288376374,0.06498902087049314,1.3182586897986917,1.9480848733138578,33.314278560000005,35.86739767556554,61.46177808348801
3.7887503000000002,4.160767977949287,5.5319399439951145,1.2788403496911929,0.082150265301593,0.12114081903786919,1.5367105144056636,2.0044560277471866,32.33789064,33.34701046275491,62.51240387862221
3.8000244,3.9831753662273384,3.949106412603264,0.8603652490393314,0.026387478825898293,0.1841565560894462,1.5721812152644687,0.9759738660784543,44.202121584000004,36.96754934760563,48.92415419292698
3.76496875,4.042483364665276,4.428513341500414,0.9269502582898163,0.03584188282738589,0.1951591910293702,1.6531205215381732,1.2824754112572925,42.142135632,34.23797052614913,53.03527523625111
3.7635582999999997,3.9397775437127693,4.159210575374384,0.8810353213500832,0.03370781251968161,0.1989412245785271,1.502284592520967,1.1521297906519012,42.811395264,34.426335294156935,51.31891622315793
3.7938098,4.105567422661073,4.2882399203387,0.9684699485050003,0.038849360428749855,0.20527161065169172,1.646021676202936,1.3968588040422918,41.744337168,32.79959883323854,50.347831184397315
3.8302105500000003,4.13847083973892,3.8120718438410046,0.8655155322089454,0.03224441450332035,0.1667966762063755,1.5411604957632101,0.8605971291527474,42.803316671999994,35.69657107618828,46.631110630458025
3.7798766,3.9975733601286096,4.331104737598547,0.8864829971340905,0.041852724704827524,0.19483141519799982,1.5895343194539189,1.3974519450235026,41.41279175999999,33.53562257504852,51.94850245365109
3.74980005,4.081837335573768,4.297380701308624,0.7860292380733195,0.032725138170795066,0.16608979378895192,0.9861812227092571,1.3738033624654995,44.13072144,35.008282781424704,52.45279728782779
3.7995446499999996,4.101966830687177,4.021922918624703,0.7246540809154239,0.021098846940301366,0.13114604671682834,0.9404075291897858,1.3065188564316514,45.150866064,37.370374697173226,48.385158188106274
3.7864827,4.136939248441145,3.9566867613121657,0.8269145345285732,0.03352013092180507,0.1494329888337252,1.1674680873515504,1.3105697902769875,43.842147216,35.35920724012757,47.40584872824433
3.8107457499999997,4.088856818458215,3.977710884610134,0.9537233056161931,0.03329878715526895,0.16770847908148218,1.8516998223719234,1.0242513348673359,42.17212094399999,36.12608195504509,47.900056869224386
3.81098625,4.065227714235363,3.542994067535426,0.7754033897888932,0.03136499846451633,0.16619716360044187,1.0331093088164247,0.793867447571092,43.292076432,36.13456479071739,45.185641590665035
3.70904685,4.0801253162245334,4.62890332892155,0.8116642511400769,0.03745729105166424,0.18331974232020573,0.8061207747292745,1.743568544329515,42.862661136,35.398015996290596,58.74052448836269
3.7079084,4.163802579366158,4.763741570266896,1.016879139989743,0.04394634886890235,0.19025183735595222,1.3900861293922544,1.400553805469545,40.909749792,34.97668517629816,57.26745762470419
3.78618965,3.8818796378701963,4.393443468740775,0.8313058618936362,0.0511098281640638,0.20962716487900238,1.2522820892159836,1.1331400951296084,38.613140255999994,33.977984346862385,53.86269087602585
3.8058773,4.139972109378476,4.389762877691945,1.0059634479396038,0.040569899981310074,0.17691046702696617,1.9178386959404243,1.5604227679111893,40.832389536,34.32704484408431,50.859152005989586
3.6673566666666666,4.894313298436557,4.693262068818718,2.0228821294254065,0.02705368349885251,0.1816132710337376,0.8800906073224478,2.4403370818845596,26.347166074999997,22.0373342115852,42.63862461791525
3.672622666666667,4.751283547571435,4.511013696936377,1.9434988009274516,0.025396616256864457,0.19559585531163118,1.0676311391579156,2.3426294126947287,26.904930874999998,21.28884969808646,41.546878188571625
3.7027387,4.889742225976182,4.662100379701655,2.0025020830036886,0.016763923235906752,0.19653117900564895,1.8838635549238631,2.4271725408639493,26.430450849999996,20.449070991786407,42.405471208062124
3.696616,4.83975640800158,4.656768251676509,2.0090158561112936,0.021212566438615257,0.1782927358553071,1.948983806225255,2.425422471167574,26.168909825,20.598931254022304,42.511073903644956
3.7198696333333334,4.618129981421354,3.881887521985258,1.6675739644679541,0.01655229754145139,0.2517700427218496,1.5902738671370116,1.9639800163807024,30.795816049999996,23.989104153949,36.39373560456634
3.7306823,4.59497171980149,3.8460506826399032,1.652226836387262,0.018290641479949563,0.261257921944233,1.4273242005941575,1.947121222322366,30.912054825,23.52054279416526,36.15870266385581
3.6962984,4.660176703656443,3.9853900663839816,1.7312093102514465,0.028215131216966883,0.1955300554715842,1.1158236681538842,2.0131117270454824,30.221851725,25.50396743984945,37.082453116500034
3.687569566666667,4.770134939721474,4.197451754214053,1.8230944000657372,0.030979816610935355,0.18384388098966112,1.3836872138051939,2.133363273332949,28.919069275,24.96115860955752,38.573073146617446
3.7239983666666667,4.348984989819827,3.3479411042137968,1.4381510931780959,0.016357932154709622,0.2811088761606895,0.7511585860436932,1.6603869554367912,34.28909435,25.78649671214813,35.84323873677203
3.7362605666666666,4.401203751707371,3.350150232406213,1.4362721616720278,0.015654611491188967,0.29996374878258353,0.6692822386409901,1.6570022618083131,34.077832025,25.157309147913182,37.9071158499608
3.7534412666666666,4.502480609146979,3.539224418458531,1.5150127691053692,0.01976404587182747,0.2888220396982048,0.5367117698447502,1.7702211103365018,32.773388849999996,24.140036157108195,42.85338984275731
3.729603466666667,4.539135209706387,3.614093089096423,1.544967587045558,0.014469401641195095,0.3016239771358511,0.9522421859110469,1.810872882565718,32.08430595,23.972292740318423,34.30941729084555
3.7642669666666664,4.332593013997095,2.9885568869463057,1.2817630393364692,0.012888470800336366,0.35431307563916054,0.45556853886647014,1.4318987015676656,37.801633474999996,23.410947824472846,40.72510707568403
3.7636825333333337,4.340925613543692,3.008300853467933,1.2885687578020464,0.012357490182432413,0.3553465617734363,0.5484863085371252,1.4425374160865336,37.512262925,24.12176770037273,38.34492212259607
3.7433613,4.308737900414712,2.975880832320986,1.284522586357263,0.011456677529885896,0.37282386175524546,0.6038356537149285,1.4128332414048552,38.114578449999996,21.81631378398581,36.62234559682346
3.7654600333333335,4.287306577923852,2.8627893227627275,1.236990140459819,0.013860457284120956,0.3641554288552946,0.4239391551046398,1.3470888951196887,38.953371825,22.36800450255238,40.5834006642788
3.763313175,3.268443571010183,5.420396361585047,1.2388695640183467,0.09536147577537013,0.15752225807625012,1.2945758387895756,2.649832104573494,29.011496349999998,22.599351478968472,64.5014319081069
3.789149825,3.4037218341619235,5.191817198316924,1.1871175922522106,0.10653079574977609,0.09506064816881314,0.9931750441758695,2.7674172407165734,27.6431702,24.513789560555125,61.58027939345161
3.708847825,3.443860635583845,5.3485470514705575,1.1606994869509764,0.08733732482703602,0.15213571610642748,1.201327246271062,2.3277517326024313,31.199070749999997,22.92540424115549,65.42369531480273
3.7266518000000004,3.8049195154441073,5.54835176874925,1.214482289584757,0.09829005487749012,0.09305785905571187,1.1978592698958082,2.5658430662649336,29.074625774999998,25.768722568133484,65.90604789486841
3.75010025,3.909105976728,4.934615922311182,1.0838286053606012,0.09348401266052825,0.12000226268058609,1.1506039721603551,2.0857796219954494,30.295433799999998,24.688890818708146,58.77139980350749
3.7398046249999997,3.7593874395452462,5.525450655330494,1.2343451051399683,0.10012537748595195,0.0710687136648306,1.0397789962867032,3.081210975047646,28.631136675000004,26.56700799358831,65.41354956140762
3.741258225,3.5859944024222523,5.381635383612399,1.2041123193192005,0.10647928027145556,0.10130148107931415,1.6023519366063477,2.6123453280197033,27.83168105,23.15591607276849,64.60508407525455
3.760708125,3.762161043972331,5.298968280956591,1.0838899980125831,0.09065016649602112,0.11595863808284726,1.0001499546736017,2.617019214634167,30.542763549999997,24.953588405738607,63.06776493634855
3.7580226750000003,3.930611928804664,4.932475539434432,1.321232276913593,0.0910773494392743,0.09089604396688397,2.561857601065594,2.1714929424192735,29.254420099999997,28.597856333412178,57.40906575631127
3.732848475,3.5770290491557537,4.770199556871701,1.2139376710657912,0.08209310355958072,0.1424313620103813,1.9712344122239587,2.044763863008962,31.046414175,26.555418331011253,58.10327550348134
3.732803225,3.2806747330733845,4.9641077503340565,1.4358871256573438,0.09241218795543191,0.16403870689814595,2.1564540956794946,2.914077253619382,28.76536635,22.514749958835353,59.38428523948885
3.840705625,4.069076968343786,3.5821777331164415,0.7816626985252878,0.04623132909106545,0.157785185432958,1.6762184393675628,1.7169864738719065,38.2469738,31.87889478907832,42.408441417643346
3.7683717,3.8501706231225477,4.979933757580185,1.1961377588479452,0.08360144315094342,0.10426050769576725,2.0419693677029205,2.004668553358564,30.686026374999997,27.27189124661725,58.5386733229979
3.8200865999999998,3.575918809742685,3.7975333499862023,0.986360413314043,0.07693409266558016,0.14985664375300706,1.5495599198238215,2.081009426022837,31.948889525000002,26.9603084048587,46.27765062521601
3.788503875,3.7241105130334633,4.033518743783864,0.9731333389820394,0.05889411211412951,0.15970116801975087,2.2611700103604986,2.369897050853294,35.650385650000004,28.361110666223027,49.14074260899097
3.782647725,3.6266712429937717,4.17635079978186,0.9903205651563182,0.06968210451050151,0.13839940659509006,1.743919290409513,1.6470568932131702,34.096504975,27.312974473463747,51.15275043299914
3.739602825,3.5030277580117106,4.878377816980152,1.134259343849383,0.07635744154965751,0.14151078437697462,1.6945030168335644,2.2187095940954085,32.278023499999996,26.52406069541897,59.61836127105628
3.788830775,3.501920496527428,4.072792478148649,1.085262951215946,0.07819243893474409,0.14915307772884773,1.7808875948206824,1.7516423081816077,31.996584725,26.633289784041843,49.77468015408646
3.8035197,3.7461257916142325,3.9345359971981733,0.997505798849426,0.06261835041506855,0.168835103338572,1.7423635027298188,1.4150071188233366,34.476454524999994,29.56981272135858,47.48661428357585
3.7451599250000003,3.4817324070674633,4.591436612079358,0.9905156551920737,0.0846580415215713,0.13636766545139697,1.623738038636436,2.111705610833958,30.903467925,25.9831960637186,56.97426380895552
3.7435285,3.8466056640779516,4.723808812039234,1.0137177072541277,0.06378675733198234,0.1290044438128648,0.7974937185901688,2.01129667029242,34.607611475,30.887518958003064,59.155943359484034
3.72334995,3.673605536597827,4.7432908359199315,1.0196596471638606,0.07231588350897306,0.12482196432402203,0.9696795202366462,2.2802712037831205,32.580942900000004,30.296575068598827,58.538302906163885
3.721316525,3.47387878289214,5.478703453346797,1.247904749971878,0.08281355345253309,0.16226594736693087,1.2725678343717808,2.549767349877902,30.380331799999997,25.697112035511033,66.15028777007707
3.7717493749999997,3.5564796942194956,4.548208844629672,1.1642748149170363,0.10073078937708574,0.1299686780167261,1.6426879953352524,1.6774308972686205,28.255675124999996,25.443327426199442,54.99781032347548
3.74625755,3.9294744538905135,5.020061284258926,1.396786537851881,0.08567503784160774,0.12713525991519203,1.985960293449198,2.30061098274933,30.300450124999998,27.457651337526116,58.33112424826817
3.750087125,3.4604453544321037,4.232850907189213,1.1535148074948642,0.0674374179421244,0.14808589981666556,1.310572067745781,1.8333348649408072,33.2961586,30.422345218846363,52.19383020257101
3.7419162999999998,3.8300368038346706,4.5859400900392195,1.1290451499069707,0.08097488057230498,0.11152767690181495,1.4677635912347666,1.9324237760143672,31.14345435,29.37184655553937,55.25757398910455
3.7627303999999997,4.401341705669423,4.658240649715036,1.5227514190648552,0.07704570862687128,0.11586655046422761,2.3172863149328795,2.081056771237277,31.329424274999997,30.045016284721378,51.5689272331426
3.8190137749999997,4.345993814659614,3.8479347215031643,1.1804483827079857,0.05095834948960075,0.16304476172823604,1.3149705614115574,1.5211319121051887,36.055952425,33.57852864559058,43.01771263045662
3.755518925,4.11602230784725,4.9371631623485435,1.3414765160900648,0.06928600108893838,0.14062941799475587,1.6178315468465778,1.8176626683529458,33.09081875,29.313365580272418,56.716673350831066
3.7808071749999996,4.583112368037798,4.395043985415094,1.3435714768494729,0.07054592398758967,0.12911532798450487,1.8379658896181397,2.3804506876126514,32.970348775000005,29.907817668595737,48.32790486927884
3.790635325,3.9928277179738147,4.235264726385712,1.4039559688868153,0.07614330651327998,0.13475520586017103,1.6157649426381522,1.4740851325767175,31.123686224999993,30.398812319269403,48.341639959495964
3.735674625,3.4699639697746223,4.625820446416154,1.1194801921803397,0.08341044831004109,0.140796432955565,1.5736405832239284,2.410735375829635,32.2601359375,25.975391106827935,57.013736919527396
3.735887925,3.188851433834182,4.2831866689455715,1.0045774857245369,0.07717708384084421,0.15284037607881718,1.3967097342186716,1.8668304529865085,32.104052375,27.394288351357147,53.76420148221453
3.759625025,3.4377235979626226,4.803904316913721,1.098571876723606,0.09266800138584166,0.11018635338867339,1.0594163743933869,1.9601064993013724,29.028549950000002,28.882266327414165,58.46038911480486
3.7497998,3.4940632049988634,4.0169836013164,0.8974106165101092,0.06576553733606989,0.16913855610309608,1.2602027087501741,1.87656043424448,34.664717474999996,25.742851842267896,50.9756118339723
3.7502770500000002,3.2497494943167218,4.948356732906634,1.0885052612864048,0.09411034298237277,0.1138410804493013,1.4793587806674655,2.295012453579343,29.409342600000002,25.812352707706637,60.32250901293574
3.7723906,3.541158427603337,4.779394170115288,0.9637800401031948,0.0847548262597525,0.12464921816526114,1.1760793664434694,2.1397075211947056,30.948975374999996,25.832778708303053,58.468638692000866
3.7126926750000004,3.7099980494636213,4.995050745588229,1.1431271684099449,0.09189374745363962,0.09440352136164253,1.4861391300742621,2.127124701323698,29.4134243,27.69132083267864,60.87399486423227
3.7124914,3.398941070810952,4.631581046090857,1.1216200839414197,0.0746241858648301,0.16250349009492673,1.6647663769461343,2.1019036624307748,32.27681425,25.50388834028558,57.64693433231541
3.690915,3.7910044611137206,5.338001629883707,1.2263575172069485,0.08603907956575946,0.09984460358479579,1.794869790188646,2.210248592233107,31.226063525,26.52401595227196,64.4943301436154
3.797665975,3.3184789773384136,4.619581128184282,1.106082600541265,0.10001682033914547,0.1378392973632811,1.791174295281532,2.227450607483555,28.590664649999997,22.639527092050184,55.45524646631985
3.7340785750000003,3.6105120465100407,4.422787886894094,1.0432516404065582,0.06370582432710059,0.15413912844735864,1.464727378503583,1.869782004342698,34.454830924999996,28.168445227401953,54.895148197289615
3.6981083000000003,3.3110373077186277,4.604439433512598,1.1260120674402947,0.06966092940639704,0.1888087053959157,1.7823294318872915,2.3451290075213307,33.216627875,24.794415238633036,57.68940184683552
3.750819625,3.5693585818950133,4.838361546283244,1.2422293916545688,0.09340502241742288,0.12448638336767825,1.9137265861594686,2.2784354492227856,29.4904373,24.04568148967669,58.304803312554924
3.765260025,3.3960060188839245,4.910495695311818,1.2907774939204264,0.09577433297323368,0.12637083140064545,2.194645580621788,2.1409794352664115,29.123812475,23.983744783417798,58.631667564808225
3.788123275,3.446738579625585,3.93563252257759,0.9734059713717479,0.061664100789735846,0.141804611239714,1.8746731141397954,2.0947014057022613,35.1266506,28.570669480490686,48.78711515516666
3.79761815,3.6119110413886792,3.390299386758164,0.8369981260144295,0.0,0.17150311461591008,1.5369606994737937,1.5041141932410256,40.683871075,32.38001985001287,42.90148208180676
3.8067920749999997,3.8847629823118908,3.311841391302072,0.7503906212127356,0.0,0.17308121252877123,1.2905161606178408,1.132722642470291,44.220501725000005,36.22221964235685,41.841993884755226
3.77637415,3.935983680641218,3.509981310494461,0.8191871557819089,0.0,0.18321760632814887,1.4217832104723707,1.6040057418166005,44.902401725,34.097902327955225,43.57217625213464
3.75797045,3.5714681836410516,3.7026909324187676,0.9364280149939266,0.012758476626055814,0.15371652673511743,1.9370922997522897,1.5099131474594643,39.146630075,31.185704780347987,47.030500374143536
3.7968862,3.410828121539555,3.454345409682511,0.8044683646423068,0.01441141228319944,0.1883999173373554,1.2128079905809899,1.5466239642749793,38.242537325,32.953006762144284,44.044592190666265
3.788047725,3.6140685378392274,3.4476267038385813,0.9204576854260552,0.013701378808051501,0.17183739709864415,1.8295057986606376,1.3781227838632102,38.92953185,32.547472907620445,43.38901405293296
3.81164125,5.346623597855395,4.722555065554067,1.192565391805073,0.07259391112347198,0.06987037390199383,1.0509150943829657,1.1101689861148416,32.87,32.18209415019391,59.0
3.8043886000000002,3.792179537542273,3.133949129171561,0.8545697511861443,0.0,0.19515512236209234,1.232745897298513,1.1764054153544536,43.881182474999996,35.15624445210938,39.62326316634531
3.74639775,3.4767702545732684,3.555881465189276,0.9192493077510365,0.0,0.20948926516201125,1.444249370692664,1.6288595142898088,40.978298925000004,31.040839780908065,45.90849899475512
3.777930075,3.56269369463093,3.4558859470082504,0.7184963361981721,0.0,0.18414698021120013,0.9908758089406854,1.6397965147809517,42.251721175,32.296034554823116,44.82406971004751
3.6904361750000003,3.3779721328874066,4.631191079470589,1.0751037608171436,0.07042705661893078,0.16645277551974302,1.5726406147282304,1.744191170460783,33.0413597,28.073733153924167,58.40129086678655
3.682120325,3.5284278428231013,5.258166308853967,1.1928831767668726,0.07157937778110157,0.14702917553768385,1.39010325700579,2.0945924266189633,32.739117449999995,28.17763504385934,64.95768520497731
3.71770795,3.6030565333334224,4.172435486706145,0.8595947573358769,0.0,0.1728270804400825,1.1974076605060873,1.5366140382743603,40.472555925,32.41881907433471,53.40698026141348
3.71653615,3.7304030942930657,3.7250226238734463,0.8862081463555963,0.0,0.16919374199342882,1.199627654753225,1.3570657830315267,41.004195025,33.30463599350021,47.92101075240194
3.726967875,3.9734248071835383,3.8413349873970555,0.7530385864594977,0.0,0.17889752374097617,0.7050880854783335,1.6228839241539945,43.512104824999994,33.09168208661211,53.08751659952611
3.770339675,2.7095364547096126,3.5152975678395815,1.1088054205685258,0.08108531940164275,0.20643313402500904,1.2433554128913737,2.0833090968914503,35.354859425,24.940498017861575,44.02049024393598
3.7258013249999995,3.30223526905643,4.409871547938513,1.0579772843360877,0.06315024221771721,0.12389500223306431,1.2992965990284084,1.686895331494036,34.813076775,31.231778154077546,55.167238041611284
3.7450678249999996,3.060932790531894,3.9859666688779742,0.9228144879432778,0.05648019526886696,0.15587473155394665,1.36024466345917,1.591097199627569,35.91647035,30.870735104796957,50.64070044800036
3.6969916,3.090692637083165,4.865540830778434,1.1338268672352405,0.06704320550563359,0.1194251991122419,1.1431153119576272,2.203837020533655,34.2039917,28.119327249272647,60.54484245273623
3.81164125,2.6861281557181886,3.7118996957826083,1.035213523820666,0.0661660434767243,0.10712569664102059,0.965254211249214,1.7499047136854189,29.120455,17.010088291263347,49.51213077684545
3.768786025,3.5052777784076654,5.059443829084684,1.2338396451166367,0.09176904700814704,0.09620230710470745,2.570872514456838,1.476997919926068,29.025391374999998,27.132423746150607,60.430054922488694
3.7044187750000006,3.19283653914855,4.644329206603594,0.999760367267578,0.07335468301539158,0.13287020059658222,1.90430772768782,1.2830594333034944,32.0421627,29.605964809088853,58.53144185080119
3.7333501499999997,3.3250282159107547,4.292105432226602,0.9407436520385769,0.06381756770067702,0.13169992182366427,1.890184271338523,1.0357089709106544,33.599983975,32.4279560793604,55.40113688314824
3.747514975,3.8498868606553205,5.8460966894929705,1.327553086564664,0.11103478011963377,0.01755791024311278,1.7024669999098818,1.8460159464759371,26.507286825,27.94532552845886,67.97104272952149
3.9406699750000005,6.55868404415145,4.292226753570874,2.4479367298515893,0.9513675737809915,0.07786341622642784,0.8088170995337693,0.21231898074809852,30.67800425,33.4846100281317,37.699454929635905
3.926781175,6.737633810755238,4.234785456237681,2.239642852134243,0.8824188130394104,0.07584893650762248,0.7962595706210485,0.21229062136815413,31.816160200000002,33.86434379377059,37.996412884453406
3.9510871,6.450168297523755,3.820704081026594,2.394638737542845,0.966749651479522,0.07918552833323239,0.8125276333747729,0.09914274799169534,31.320983875000003,33.22952687461192,33.40082981913577
3.88870345,5.767869902798083,4.9134332066799,1.283310194541178,0.7268652423957608,0.07474416941740658,0.7359406252464474,0.22364912909062962,30.665963174999998,33.83707132389145,55.98214161114976
3.94193275,5.035682193269415,4.036554303366183,1.2578163493669368,0.7942828199080727,0.07057245545057445,0.6449561180629013,0.33908105477104833,30.693658825,34.23041618208282,49.87479848246751
3.962561625,6.565483583759331,3.9591738872333693,2.666244405634056,0.9779513811828597,0.07729835133255138,0.9034720099084514,0.12828030693012807,31.937036525,34.771776599537525,31.260817824459835
3.9928932,6.094461488853625,3.882609953742051,2.291071385544773,0.9752042241590755,0.07901989025354297,0.7117549079684399,0.1458018622862871,30.350437150000005,32.63816192207618,37.953165404166484
3.9972524,6.223464965490849,3.894495345451001,2.1190234902222675,0.895615848197381,0.07519878437986491,0.6210322403122164,0.21919208933743078,31.8116207,33.08772746587171,40.452797069464836
3.8197753249999997,4.851359957952835,4.617543657376174,0.8756463522707555,0.5608211596645529,0.06872840419521078,0.7188024252771598,0.3565863424355522,33.30100345,35.03639366641363,59.60958051328983
3.947671475,5.203517448142597,4.26025723477827,1.4705189695959482,0.7218806509955596,0.07176203788650687,0.7062557960850058,0.4690464605561203,32.247619625,34.98136699598804,48.255062623835485
3.9915249250000002,6.107219694758744,3.2095641361075153,2.3876907079126384,0.9584505355411707,0.07516511554765895,0.72187450110447,0.16637154094490497,33.05782605,34.81880946655703,29.714512395514923
3.9510453500000002,6.042972043874962,3.7906135126593012,2.1953893709716756,0.9815552362390844,0.0789796157862179,0.774622926794343,0.1651513729877599,31.336193100000003,33.51195099626826,36.23073711881833
3.9600644000000003,5.73997543295272,3.858000231307635,1.8225874711988546,0.8444461300680193,0.07291165788957693,0.5709279232732691,0.2087796662963379,32.67173765,35.02169651334696,44.9088435133532
3.9156228749999995,4.702894426873173,4.243573884619248,0.832245296569246,0.6614232728671445,0.06886512486975732,0.7312732982257252,0.3118316346371166,32.524300575,35.592196791525126,53.76801777423948
3.9568007,5.202656420292146,3.8171982324723537,1.2249420601140115,0.6713336687696476,0.06711420663037329,0.700181311042789,0.4433862946137179,32.846737875,35.68215564598341,44.563391669584725
3.9104552750000003,5.987604217225129,4.45627924927887,2.0462970960681384,0.9070400966654019,0.07698311045875086,0.7860082525275991,0.16901890724058244,30.752077125000003,33.03906860020096,45.090859469357014
3.893074325,6.270711843396758,4.534951197308635,2.1306521896456223,0.847912791200685,0.07752518040996778,0.929136049416887,0.1014064973651244,31.567202575,34.34276177136084,42.97154930463949
3.9653276249999996,5.136793970914418,3.8979982294104074,1.8738194178121164,0.908309618737435,0.08036782904949244,0.6726101519186429,0.2032879042550193,30.055582975000004,31.93404011089391,44.57214046706641
3.9620760500000003,4.925134067491877,3.777758843319141,1.2753049528149427,0.7883822011372361,0.07273984350953303,0.6016112823710108,0.19149472233526832,30.1123562,33.81019714583175,48.815814721116325
3.92672775,5.5367541517162735,3.920493011971923,1.5858578172729483,0.8210514119356793,0.07313845877330297,0.6712502531027944,0.17745960093097646,31.810047150000003,34.57251676764697,45.69024306547115
3.9808801249999997,6.000750949091862,3.715791180179262,2.1393953166948454,0.8980735270621165,0.07443164514377562,0.7009056082454708,0.07102999866212675,31.904113749999993,34.61633021351851,37.7417882304243
3.9492336499999996,5.90126332145388,3.3952883682539534,1.9011042164880056,0.8632364993085697,0.07404459808181202,0.6663805305759922,0.15681356261155815,31.751627925000005,34.07639430768101,36.79525652310944
3.9619912,6.1790733234840065,4.216210231787664,2.005473713634437,0.8507210695564034,0.07410817004855423,0.7233306192292622,0.08297253150143334,31.809982275,33.71449124037307,42.72417586413637
3.8665278499999998,4.9047029706403915,4.354692344332006,1.1835592906362618,0.6639940752618728,0.06897463110481646,0.7103025340285684,0.2901240934785463,33.196401574999996,35.94500475477891,54.551065852297526
3.908029475,5.1204189270594735,4.37805097267004,1.419364493040725,0.6895534572375291,0.07026004856150306,0.7348174039821886,0.4462889395387356,32.171530725,34.24839487770203,50.423095011860546
3.9906921749999995,6.366118037512964,3.560715505237673,2.335507912098322,0.9376798283818416,0.07588413910923159,0.790676665274456,0.07820920649394152,33.179958375,35.08445730855681,31.308401050356228
3.9542888499999997,5.874510304534519,4.135045675436048,1.962327685919496,0.8687815884020808,0.07753389241281813,0.8271108950915834,0.13118768941083134,31.211977025,33.803227994982954,40.35582110589784
3.97974305,6.164976227642693,3.6682603610993114,2.080235488321098,0.9115794907086098,0.07251429884007615,0.657094287508079,0.179132738011336,33.1192732,35.25987116156139,37.59160216330814
3.8855004,4.882791247923629,4.278675075237706,1.1245852211904466,0.7320379114372427,0.07068561552363166,0.8409015443284475,0.21739353676256287,32.957427974999995,35.75534354151974,50.398826219082494
3.9192134750000003,4.58271630169778,4.103952699967605,1.1440552260873824,0.6741302803122288,0.07029913911734345,0.6696474337795665,0.3863938523138222,32.046404824999996,34.147865861519534,52.52417686736854
3.9520574249999996,5.938224566651561,3.8617297296550603,2.260211765163525,1.0025682425406413,0.07772987744024835,0.7424514216740489,0.1200624386759486,30.677161225,33.88884475890056,38.2075133210638
3.9616525749999996,5.765301266287358,3.567650869639535,2.0329601033673366,0.9359526341038473,0.07831300440983281,0.682228817099116,0.07513303629593523,30.5866957,31.971359008910937,38.219521421067995
3.916022225,6.180887452130302,4.183611625381151,2.2873809954679163,0.928020957621283,0.0799947976732572,0.7504105813703632,0.07245630919393824,30.538785925,32.660952818562166,41.51446150863148
3.972854975,5.75983950269223,4.038673320751137,1.7840967608792901,0.9144138197946265,0.07562038678443835,0.81143121006006,0.10656848292979815,30.52593615,33.514351437566184,40.696396763674144
3.9552101500000005,6.129540015596414,3.7596178501100885,2.3212967175327037,0.9333590997989001,0.07740535579953786,0.6209387306154004,0.11465082613279895,32.4257431,34.031105549478596,39.33963865672244
3.979064825,5.550575336472581,3.8153772110582462,1.9609099882362928,0.9153042245117506,0.07771055091257298,0.726721584628405,0.09086176113669377,30.782333374999997,32.44318834460877,40.6591602496437
3.966262875,4.750436512125139,3.8128749859449265,1.5886234603284768,0.8980786847034534,0.07661428687807695,0.5666268831505064,0.12581864175504234,30.035395625,31.859361346124217,49.66299718400585
3.9833887249999997,6.520620863619532,3.7656692447021536,2.4531938096512866,0.9793976448643391,0.07696687165106653,0.5724949713733165,0.08363593507822335,32.344502425,34.16389046281793,38.38449481293877
3.9327588,5.128943097363544,4.1985489801019,1.6053798069836551,0.776377658714528,0.07261249218778032,0.7081147107076237,0.07452872951936365,32.329406725,35.222944191554106,49.51524615983999
3.8964161500000003,5.750847585960162,4.98346443543184,1.640585592769074,0.7788290243160451,0.07738546713317068,0.7863462205495879,0.12211374781009876,32.572217949999995,34.61953221132882,54.172560040800576
3.878634825,5.283871604526743,4.7053918261407475,1.5313562207697518,0.785913882115615,0.07783949644825386,0.6389623385294223,0.07371795360050791,31.290068625,33.627570035205956,58.041989664713725
3.9737629500000002,6.074293584735509,4.1037410775662115,2.469891699894999,1.0567523694111414,0.0814456328633586,0.8499610096494035,0.1635952889913398,31.064680099999997,33.41099587037153,35.79877536368271
3.972533175,6.026506670548012,4.12056125077407,1.9383974240192439,0.9190608522329486,0.07598851453353248,0.6303765654621669,0.09219058830164162,32.174066550000006,34.20202455787288,44.88753749622153
3.93560755,5.220183450759408,4.030567178644816,1.3495537854275825,0.7983011836510252,0.07170431777169956,0.6663975098296537,0.08155381091932871,32.13279055,35.112618963625906,49.52764588308846
3.8885509999999996,5.192738413306078,4.971246927733175,1.7566775538392734,0.8111997087546803,0.07661419910792884,0.7776226484512887,0.21470244434327587,31.727481825,34.33822683022534,55.640924259389706
3.953391725,5.0257113779278715,3.6270849813024713,1.1212744846493086,0.650001069388955,0.07137008418308972,0.8101154429652422,0.3243935355885069,34.98946,36.548301727886084,41.316695091521936
3.90950705,5.181756921618639,3.838242978430493,1.1064385660487577,0.6959770905516715,0.0765992629632907,0.9803224741714096,0.32355926320716,33.562117549999996,35.44442224717995,42.5630220962727
3.996805,5.742375364037691,3.247017805599137,1.693780463874087,0.8279217178194722,0.08075420329407712,0.7859636612150414,0.08006254868929392,32.242478375000005,32.91129901299043,33.266493687395425
3.8915596,4.695998318176557,4.215154833178168,0.7741391270737744,0.4492204314258193,0.0705892131941756,1.0215676498923785,0.41788488629060117,35.137221325,34.297667708621724,50.020870776964934
3.86176605,5.911489761160202,4.437311716870301,1.2245384021029118,0.5969224036754849,0.07572210480015024,1.0978369137568704,0.4273160739647953,34.78482055,35.33744673022228,46.451403254906666
3.9309152500000004,5.838146095219743,3.934916422048919,1.419263294012527,0.7019323782701915,0.07537979988583644,0.8553761138871604,0.2717467357626183,33.8390846,33.015730675930435,39.82071060556892
3.81164125,5.659349319453778,3.702801746502222,1.394927035926929,0.7050104307875675,0.0761820161325307,0.7173721442735324,0.3356509268392931,33.93685915,33.14570014699174,41.088375590590715
3.9453401,6.250245365007471,3.744505550843848,1.7854063422298978,0.7853863392637201,0.07794216314448109,0.8367538160904864,0.10888841814960809,34.80775835,34.24778167813593,35.48554127399473
3.943487075,4.990346170738958,3.914535063674279,0.9633364149217507,0.544689466690386,0.0717169153909182,0.6390476216086811,0.30805280854237777,34.64661025,33.30226630808009,50.30436483738068
3.9429705750000004,4.887654673740679,3.5473476313758003,0.7763109498993859,0.5425948542177385,0.06957552957359672,0.6494481564082629,0.42141190822905955,35.74064255,33.91709988672743,46.66185162492738
3.96074265,5.142071713416139,3.623902185755723,1.291295355586261,0.7229049397533606,0.07629086475377615,0.6277356043941756,0.37564130668419193,34.213592524999996,32.721203806982714,44.60446481280997
3.9504054,6.035015800986189,3.481254189278897,1.4237670858448084,0.6958387229918632,0.07523446848217195,0.6749260608368617,0.1806961527800932,34.770967475,34.199819474447565,38.96398113020069
3.93997375,6.047797382598102,3.6063538505580777,1.4510502065207536,0.6028397920239084,0.07181313454670893,0.7738790870129941,0.1911413463102113,38.1223717,35.84789351241271,37.67342635544016
3.8705487,4.975945799441769,4.456827817243163,0.743789412107976,0.45404357187996025,0.06910066201918234,0.9669433072088716,0.41360199576760054,37.297965999999995,36.258391435686335,52.27115622883854
3.8861116750000004,5.3219644482918,4.172845754031618,0.7895273673087204,0.45436349547224775,0.06994923741523772,0.7936523398655365,0.4758443672882343,37.31684685,36.11063962026757,48.994296091435
3.94546845,5.417963209130693,3.5802293953297504,1.2826494168497606,0.6537787841537794,0.0702818788360951,0.7851913589674551,0.27046522849387095,36.5547123,36.65628667940996,39.720945898266265
1.9563103499999999,3.1269989977961345,2.324205445445946,0.7788231043498799,0.3515125097917075,0.03910860421564317,0.4762268756616519,0.12176618150886981,34.94996835,17.316951580628157,52.019517419901234
3.98836505,5.683022292338141,3.378994837582328,1.631544826821901,0.7181813394931431,0.07714537100916702,0.9598477102626385,0.11831632177938962,34.978258125,34.50830247516815,32.783967560430426
3.9765993499999994,4.44651345496831,2.9883392591249858,0.6188951962803928,0.5411040694460956,0.06622055016445796,0.7601193767760595,0.29497696904402176,34.3739691,34.97702188951729,39.437402190977394
3.930517775,4.40933307688315,3.727555437839986,0.7983043890600647,0.58454654157848,0.07081004258526861,0.9535568750129513,0.4109740021990368,35.634036050000006,36.632416107675674,44.736339148384445
3.9045475749999996,5.881950063437884,4.1538634469016715,1.4119674898095518,0.6341664735963948,0.07477421409483906,0.9094741054433766,0.21845690089786157,35.67355725,36.41266575315539,42.61556206150747
3.89488655,5.52469734117321,4.4016978279894134,1.367956456197292,0.6577381110978955,0.07523233045360064,0.994620146716314,0.3738607900403219,35.533187874999996,35.86062207403866,46.359834289947116
3.964550325,6.0703495393328915,3.5818871818142655,1.507746623905431,0.7195426329736465,0.07546689330083428,0.8786587605768201,0.11364136080465721,35.6120472,34.38710054520622,34.22366363141722
3.91774755,5.1261245939769635,3.9170720527281153,0.997205987112249,0.5981658356100007,0.0736033702645072,0.8785945634068444,0.2727258896352509,34.797307975,33.007526696615,44.18122199981728
3.92433905,5.371508680559569,4.276477457901342,0.9452013785495086,0.5335295195178713,0.07252773048726319,0.8668851961662858,0.30110236589725853,36.27215385,34.40418322088108,47.180970480430126
3.9271466,5.898251625541059,3.9784022092222826,1.479055057185246,0.6493522689644919,0.07684178711989426,0.941522099926356,0.14362082217473998,36.463767025,34.524221203959186,40.14573091351566
3.904841425,5.062474697345526,4.159781753647753,1.1709412405166275,0.6246661566984038,0.07678802950298344,1.0489701264338198,0.2572147351100514,33.339580525,33.24677451574993,46.71525673141451
4.02907735,5.799082026138204,2.7110318824354556,1.5225016896187311,0.6701752134132948,0.07034219509960342,0.5968852618139784,0.2209419345235349,37.459755875,34.475823376490425,32.425673992737515
4.03559625,4.776117230646278,2.654509884818405,0.539084368331826,0.4859584253088135,0.06317529704994708,0.7221216861658114,0.5059038052406613,36.730095874999996,33.93078265672499,34.468419045383314
3.9623614499999995,5.118074975743033,3.5436348023461206,0.9378589840060704,0.5688709921750668,0.06904402676612299,0.7289497450550371,0.3955547486023503,35.677295674999996,35.37232035291167,42.48982558135262
3.939329075,5.736570594976942,3.5841676245656418,1.6664256862865736,0.7992044645303232,0.07644682167438152,0.8176903356437902,0.1159040973735381,34.590772625,34.40876699358735,36.876605127911134
3.964689375,6.232932516010378,3.925946801530568,1.900261431735566,0.8937259440056762,0.07965073262656569,0.807538426576244,0.10252288231814576,34.329062475,34.84854060484982,37.37516478865516
3.987808475,5.86597446992694,3.9701537711698927,1.7657301216978452,0.7971400002469047,0.08228623833236236,0.9002512670341194,0.1198885527966739,33.699147225,32.2127659703044,37.952054985623015
3.81164125,4.111047051551641,2.9133599499289486,0.6471008816149244,0.4418832550575479,0.05332372078525485,0.6451079187483774,0.10766896782857147,35.2777523,27.281665850498598,52.00031917003073
3.908689175,5.875729586033617,4.573388484057427,1.2795695692720832,0.6571352119577465,0.07584225866434108,1.0907372349662334,0.3483032400202275,34.33508205,34.423702503241216,47.064777022079504
3.9806471,5.074918233460732,3.29617654572343,1.2304270051921282,0.6768383418370248,0.073701260695169,0.6216382849283681,0.08850694725541208,34.739562025,34.139862118100545,42.9296075267246
3.9449154250000005,5.8465676478853315,3.9188551363725654,1.7531510564775812,0.7364513321837487,0.07749851965544227,0.6896640938032579,0.12406764601926783,35.817706099999995,34.99439465041072,43.04481432187405
4.04526805,5.065181909552948,3.0220552906320295,1.4064630297695355,0.7530822760723948,0.07622230865684872,0.6441334064291364,0.044947667016928386,32.89983465,32.41484729794093,38.564320827228755
3.90838745,5.727694587149841,4.097324855237104,1.2455598133142818,0.6173437160480886,0.0769687084697893,0.8337290410694845,0.06582367221195451,35.06502245,33.438210307846674,44.87939269393899
3.91745985,5.396574569785432,4.131714095568655,1.2991087924836786,0.6766975627493113,0.07702803601486186,0.7180379544141283,0.10854083489590113,34.5462103,33.633398235868164,49.13093286064513
3.950947525,6.065553192127549,3.9254993541961647,1.7846740843125708,0.7213896090330685,0.07781784564496363,0.8438156691134951,0.1375610634101114,36.665357575,34.17163121902864,37.70778899188911
3.946645025,5.729189073657053,3.6805925667426487,1.5292173545741956,0.7404072506195958,0.07781278789791445,0.7296503327112116,0.07600753553513867,35.695541375,35.161244999154505,40.92341455478622
3.9772944500000005,5.727712983135817,3.387392527021106,1.5739630184401516,0.6116252676611246,0.07127639811929834,0.775129518602745,0.140732676694284,38.154882425,34.38414535494021,35.43335071764472
3.9583017750000002,4.865920490733289,3.738987181009537,0.8990725674598239,0.5603642154348147,0.07041863328689846,0.8122055121011031,0.15116344842596038,37.102468475,34.59770402806935,44.85173481319458
3.97431695,4.88102966748436,3.324626450490646,0.9655059495730385,0.6422698206272394,0.06958194787948711,0.7297441541882355,0.18082819949037993,34.806378375,34.95997075551822,41.760578446309665
3.9779209750000004,6.484899559891286,3.7564062436170778,2.0685907828686636,0.7577766027107391,0.07861322704861297,0.8644125296289902,0.07790978271065724,37.1286888,35.37856807911041,32.17311771881961
3.9985657249999997,6.511183643311524,3.5735408521365883,1.8516921907171353,0.743186468293926,0.07660112677828974,0.7165397782765844,0.10629873869221701,37.4321165,36.05852090434959,34.98331528083155
4.078692025,6.081955789533765,2.8119822002892025,1.5982616818198536,0.6673980212659386,0.07073474037655317,0.6797882239196151,0.10739965259739176,39.077638625,36.02240490959389,30.418502403812848
3.8708116,5.189841004641579,4.272489951044019,0.5749614436727339,0.37695217972034384,0.06870385524947482,0.9812582965301471,0.3047009425103334,38.241239525,36.20547633114732,50.07728949259111
3.9321984249999997,5.002163207562511,3.81226345970596,0.942920454872749,0.4565115196879732,0.06801893152593624,0.7013359148114024,0.529420016820728,37.239522925,35.11374749284504,46.686371177066206
3.98185255,5.7745009753692305,3.415265140116535,1.5097479036430397,0.6792845743742106,0.0738688865587306,0.7859905766667338,0.1065609973681391,36.5853424,35.71807684325854,35.721830525889914
3.9493035499999998,5.9854631545129955,4.1023073351293,1.2883509166286746,0.5640420525560373,0.0731253283070022,0.8489441901114696,0.19849684545869647,37.611038199999996,36.262743309130684,41.75814746895473
4.031796325,6.107779606635284,3.1684784340536383,1.6934106597999192,0.6444456516054596,0.0720809397875804,0.731322000636462,0.09815682514221745,39.041069949999994,36.85886036218792,32.44446724666507
4.007137075,5.0452547357784825,3.1213303336499654,0.7785851889987068,0.4176547844951001,0.0641254662933328,0.5559327361935498,0.2888811735876568,39.92954065,36.28059504828302,43.92129018632296
3.9230705500000003,5.305178551051323,3.7678973721295117,0.8616225706845251,0.46126860469503506,0.0691007522844324,0.7512007021873337,0.5182800217924308,38.568383225,37.70222357550086,44.316669910360986
3.9903543000000004,5.515437986955639,3.2075344033443813,1.3894312507054636,0.5436278539735646,0.07136766307333048,0.7024908544186956,0.23463762091706275,38.781083100000004,35.55618959378229,36.607333304308035
3.9615777750000003,5.783973508253839,3.570662003751483,1.4315065973320715,0.6355849003944165,0.07309849137290833,0.7778704383405637,0.3128629092653361,37.888724325,35.66300487207092,37.12041089839398
4.018344750000001,5.824483680673531,3.5361297223650316,1.661606070953643,0.6770000552048684,0.07800449631059192,0.7947248753028218,0.0523703728401916,37.046195999999995,33.82475809374172,36.023154865932796
3.9843076500000003,5.054976076345195,3.5166743104882627,0.6558603669937586,0.4121037984456609,0.0659246897721085,0.6473171180295022,0.34183301122168475,38.067035675,35.1546075553825,45.717199881081896
3.987395475,5.445114874626328,3.618119298663256,0.9176119849943545,0.5017367291470629,0.06909588864801097,0.7814945207156175,0.4032789870902458,38.27766225,36.299771247695084,40.47005313294401
4.02540695,5.816267731448253,3.3329520554959635,1.6228782655311296,0.6837407763135819,0.0726188834303067,0.8327239815385652,0.15869275398501037,37.834244749999996,35.75529921437098,32.61446671506885
4.00757095,5.661003993485886,3.4582894328020086,1.1411293858444684,0.5739272942165556,0.07094799463239729,0.7267269834788448,0.19066363331322042,38.628764149999995,36.28041732676273,39.462886594842274
4.0573616,5.94560289253751,2.9200901638606194,1.809549855425507,0.693832199076003,0.0723039639113566,0.683774592883861,0.07342004016484383,38.7156105,35.215539522240384,31.168698895327992
3.94410235,4.838235634305773,3.8917803658645473,0.7419654181789953,0.4392247417649051,0.06776064878345188,0.8166852240595817,0.19881722984829694,37.49533465,36.169925038099876,47.32416417689687
3.989849575,4.957956822980664,3.528451776696918,0.8174921888443487,0.44498400192497994,0.0675883020626464,0.6892845698083067,0.3651859537551935,38.939647675,34.09731037234998,44.52338184176106
3.9846521,5.780389759731248,3.3083629219142754,1.4058167300128328,0.5944214376107166,0.07362855799308646,0.8083053326045911,0.11343440567552207,38.394031524999995,36.413160820650646,34.34668733348743
3.9897125749999995,5.39491196969465,3.421492586656302,1.224451333086017,0.5205808411360959,0.07016919318579636,0.850465228709148,0.2101754113989382,39.207398424999994,36.6771727186842,36.24219373223369
4.06265665,5.832493541300716,3.150086149891722,1.3962118450457512,0.5633601154332906,0.07353938377413718,0.7179338113304933,0.1524915096857851,37.98380375,33.068660243071264,34.719184848820746
3.94960835,4.9158193050456775,3.768878758620919,0.6156437192042481,0.35810831009810984,0.06633155893668216,0.7219180803597725,0.3029541342921819,39.001014725,36.137147584686744,47.69243218275251
3.951677775,5.498200738185103,3.6499789320694456,1.2670018123617064,0.6172174549116344,0.0709005933917885,0.7408096809465989,0.40764838172155143,37.363771425,35.97481328734198,40.60300135561746
4.008314425,6.605407596291027,3.3015159839108046,2.102307428072593,0.821199043915241,0.07745970375146272,0.6349692468918327,0.06553560328404767,36.574266449999996,34.17762368809163,32.82819255202101
3.9670159,5.788517928356862,3.463978340482153,1.6369076555775555,0.6424997342598062,0.07318432661997192,0.8318441946503399,0.2324373919970963,38.118271825,36.14336797732481,33.81915597211283
3.9864113749999994,5.419022278489415,3.122783647486097,1.6842237364603947,0.7039539666246624,0.07657120868276289,0.7707263673810874,0.12376855300301803,36.2472582,33.80314774664748,33.4400092902834
3.9674152,4.785644697302096,3.207447576087728,0.7437748999719886,0.38975860571830157,0.0626655551325502,0.6438569268816143,0.3788028474002454,40.37699125,36.56866301523701,43.232695793337044
3.9158951749999997,5.550548532944354,4.140406166178154,1.0764041795241772,0.5461930645739296,0.07270161863647141,0.8024697813752071,0.38427259237095684,36.57616805,34.84440093545847,45.9581241270521
3.9720816,5.471103237581241,3.3105370831765266,1.4651222820346113,0.7130090987993052,0.07562507430758243,0.7834365056026114,0.08280905399636405,36.068325975,34.46413212275933,36.09835676518977
3.9987966999999998,5.562831450121568,3.3999522383441256,1.7045804998204521,0.6605921655884114,0.07524175241217856,0.6671510484835512,0.0385845918624476,37.060606925,33.76265600216293,38.82878990485378
4.014040049999999,5.551588167268095,3.606611670149593,1.5318113708644425,0.7045041205001173,0.074983132535523,0.7438951751605194,0.05035782524345431,37.08965875,34.54940290074305,39.81447853891615
3.9902091,4.943724759385164,3.4465128620317973,0.9639019223233217,0.5031999765203837,0.06947879899081236,0.6157994019993991,0.10692812274394382,37.963319775,36.297806210211235,46.345090406206545
3.9128258750000002,4.9783461401117854,4.403294394518152,0.9379471585501807,0.5045996342423205,0.07219844494145317,0.824232002696788,0.15607780317642078,37.461035725,33.90320478537953,52.31069531563596
3.998615375,5.3405342543029,3.55599122087573,1.3630577859237776,0.6448669751819573,0.07501047822776075,0.7509418427683274,0.05914978871702035,37.212594025,34.6261516482063,40.63446875106623
4.073273425,5.188148359852173,2.961277528350672,1.5173626426844544,0.7001507321726302,0.0731823464490117,0.45569414136854036,0.0870204468289868,37.490680675,36.23674429639963,42.06820833773248
4.0693307,5.3496941739850215,2.858534731525329,1.4131641866604667,0.6756175332389891,0.07334269198785073,0.5732015245494456,0.14843543481255897,37.257566425,33.64100601512833,37.28026125581118
4.00663095,4.812246467938333,3.2183758468689856,0.7579730996800338,0.4725485620563601,0.06549997289944912,0.41148484283788106,0.19049065754368277,39.00334265,35.53130151558629,50.41680484952287
3.933899575,5.4704852471256356,4.231126179049243,1.1516824661886942,0.5535309092361582,0.07359129698999514,0.7611646212646814,0.15250279513446655,37.880950925,35.09772550081697,48.78139221367258
4.02860455,5.457437241610241,2.985574850444591,1.4186380400819392,0.6993565581013602,0.0761382965514531,0.5716896222831478,0.20697679210415162,36.4572859,33.657955309734476,37.97594943602696
4.108148125,5.453158401045142,2.016867363680987,1.6407405075870356,0.7654214484019761,0.07198298605693625,0.2630075909529915,0.08692340506080957,37.718827275,35.00758132956879,38.06214700053862
3.993154175,5.959452146818093,3.000976373962617,1.8296109957750264,0.7521534740105098,0.07716847625951223,0.766304177531492,0.06870173406992945,37.320230475,35.466437759492905,29.66173623437213
3.9977014000000004,5.0579253448608075,3.949030159982264,1.0384120287037883,0.4962123528912453,0.0694215374719944,0.6292749837808995,0.10451333368337876,39.516733175,34.5639820286967,50.72563873457301
4.0407763999999995,4.8694443659660855,3.2249107053895605,1.083764030585749,0.5314661300982628,0.06892289422441018,0.5095627333302666,0.15835596099822985,38.512272825,35.65208925020535,46.30450903772646
3.9850000000000003,6.6,3.125,1.7399999999999998,1.0,0.1,1.22,0.0705,33.099999999999994,33.89,20.8636363636364
4.025,6.12,3.3199999999999994,2.13,1.1400000000000001,0.11499999999999999,1.315,0.022,32.335,31.27,25.62785249113147
3.92,6.519999999999999,3.13,2.34,0.8550000000000001,0.095,0.735,0.053500000000000006,33.46,32.47,21.0
4.029999999999999,6.15,2.505,2.16,1.105,0.1,1.105,0.0225,32.82,31.93,11.659090909090908
3.9050000000000002,6.0,4.305,1.6549999999999998,0.79,0.1,1.05,0.0725,32.620000000000005,32.84,22.96664098613251
3.9299999999999997,5.835,3.405,1.505,0.53,0.095,0.7350000000000001,0.07250000000000001,32.7,34.68,22.633821263482282
3.95,6.115,3.15,1.2000000000000002,0.39,0.095,0.8299999999999998,0.1325,35.32,35.29,24.136363636363633
3.965,6.23,3.6049999999999995,1.73,0.8800000000000001,0.11500000000000002,0.8200000000000001,0.0865,28.714999999999996,30.98,18.016122200455346
3.925,6.654999999999999,3.3200000000000003,1.92,0.65,0.09,0.65,0.044,33.555,32.64,22.75901413670779
3.9800000000000004,6.335,2.315,1.9600000000000002,0.9299999999999999,0.095,0.45499999999999996,0.031,30.169999999999998,33.12,28.237736273627362
3.9000000000000004,6.07,3.875,1.38,0.445,0.095,0.795,0.08249999999999999,30.555,33.57,25.74476117103236
3.805,5.85,3.59,1.23,0.54,0.095,0.75,0.0655,30.855,33.91,23.62807571883809
4.0,6.235,3.1550000000000002,1.46,0.77,0.1,1.16,0.071,34.349999999999994,33.37,21.24476117103235
3.965,6.19,2.675,1.685,0.705,0.09,0.68,0.06899999999999999,34.325,34.43,24.255857315542126
3.9400000000000004,6.635,3.215,2.36,1.1800000000000002,0.11000000000000001,0.9450000000000001,0.026500000000000003,37.405,32.44,15.920064065230058
3.9299999999999997,6.505,2.95,2.29,0.905,0.095,0.8149999999999998,0.036,35.739999999999995,33.86,19.375205167575583
3.955,5.955,3.215,1.5550000000000002,0.875,0.10500000000000001,0.825,0.05349999999999999,34.71,33.01,28.864216082625205
3.915,5.695,3.375,1.3199999999999998,0.655,0.09,0.79,0.05600000000000001,33.364999999999995,33.99,27.545454545454543
3.915,6.04,3.44,1.4849999999999999,0.5650000000000001,0.095,0.7849999999999999,0.1145,32.87,34.66,27.6166999002991
3.99,5.95,3.04,1.475,0.82,0.1,1.165,0.0685,34.71,34.52,27.35997381393174
3.9699999999999998,6.375,3.01,2.23,0.7050000000000001,0.1,0.565,0.0695,34.56,34.44,23.19248124214216
3.925,6.13,3.165,2.01,0.925,0.095,0.395,0.0955,34.325,35.61,31.32567854492328
3.95,6.0,3.2400000000000007,1.4,0.4699999999999999,0.09,0.64,0.089,37.785,35.81,25.4364406779661
3.925,5.975,2.95,1.3900000000000001,0.495,0.09,0.525,0.09,37.285000000000004,35.73,27.7673343605547
4.16,6.025,1.7100000000000002,0.975,0.32,0.10500000000000001,0.675,0.053000000000000005,37.29,32.89,32.14870586261019
4.130000000000001,5.885,2.0700000000000003,0.985,0.27999999999999997,0.095,0.78,0.0725,36.825,36.45,28.09090909090909
4.165,6.425,1.08,1.8599999999999999,0.82,0.1,0.385,0.0375,40.12,35.25,26.784653465346533
4.210000000000001,6.37,1.26,1.925,0.925,0.10500000000000001,0.345,0.041,38.5,35.12,29.012376237623762
4.055,6.22,2.07,1.08,0.28,0.10500000000000001,0.41000000000000003,0.0365,38.339999999999996,33.93,33.0
3.995,5.715,2.505,0.9,0.23000000000000004,0.09,0.31000000000000005,0.06899999999999999,37.2,37.01,30.57486631016043
4.005,6.005000000000001,2.58,1.23,0.59,0.095,0.53,0.077,40.364999999999995,36.18,31.772727272727273
4.095000000000001,5.9,2.205,1.13,0.45499999999999996,0.10500000000000001,0.38,0.07150000000000001,43.615,35.06,30.018359188860067
4.14,5.995,1.425,1.475,0.575,0.095,0.43499999999999994,0.051000000000000004,38.87,36.81,32.33168316831683
4.19,6.455,2.06,1.7599999999999998,0.6599999999999999,0.125,0.625,0.024,42.769999999999996,32.21,29.480198019801982
4.03,6.359999999999999,2.455,1.5,0.6499999999999999,0.10500000000000001,0.4,0.053000000000000005,39.495000000000005,34.07,29.727272727272727
4.055,5.945,2.43,1.14,0.445,0.10500000000000001,0.44499999999999995,0.063,40.370000000000005,34.2,31.5
4.095000000000001,5.949999999999999,2.0949999999999998,1.185,0.5349999999999999,0.11000000000000001,0.505,0.0725,41.959999999999994,34.0,30.936940752898824
4.04,6.08,1.645,0.975,0.735,0.1,0.39,0.051500000000000004,40.105000000000004,34.68,27.67304230423042
4.074999999999999,6.715000000000001,2.5,1.8649999999999998,0.73,0.12,0.5700000000000001,0.0415,39.739999999999995,32.95,29.622637263726375
4.140000000000001,6.1899999999999995,1.46,1.58,0.8350000000000002,0.11000000000000001,0.43499999999999994,0.0365,41.375,33.05,29.814356435643564
4.045,5.88,2.23,1.12,0.4600000000000001,0.1,0.425,0.05800000000000001,40.215,34.04,33.0
4.095000000000001,5.96,1.9300000000000002,1.16,0.5,0.10500000000000001,0.375,0.047,42.38,34.9,32.05183459522423
4.0649999999999995,5.949999999999999,2.21,1.28,0.57,0.1,0.39,0.077,42.695,36.0,31.87604006163328
4.09,6.04,2.235,1.2,0.475,0.11000000000000001,0.45499999999999996,0.074,42.37,35.05,33.0
4.04,6.32,2.36,1.475,0.615,0.10500000000000001,0.495,0.051500000000000004,38.5,34.68,25.237398739873985
4.0600000000000005,6.07,1.7049999999999996,1.565,0.76,0.1,0.35,0.053500000000000006,40.935,36.5,27.02092709270927
3.995,5.9399999999999995,2.3200000000000003,0.97,0.45499999999999996,0.095,0.45,0.074,40.739999999999995,37.57,32.94919786096257
4.02,6.085,2.59,1.055,0.44000000000000006,0.095,0.54,0.048,37.980000000000004,33.88,29.863636363636363
3.8,5.885,7.175,2.96,1.4649999999999999,0.135,2.23,1.11,20.335,24.97,55.00561940787081
3.8600000000000003,6.734999999999999,6.775,3.92,1.75,0.135,2.04,0.29,19.575000000000003,21.61,54.391849130719415
3.885,6.38,7.32,3.5999999999999996,1.745,0.15000000000000002,1.69,2.06,19.310000000000002,21.835,50.15504291845494
3.83,5.145,7.05,2.565,1.37,0.135,1.76,1.19,19.925,20.939999999999998,57.48691181586334
3.8499999999999996,7.94,8.594999999999999,3.12,1.73,0.14,0.97,1.55,20.33,23.275,45.004291845493555
3.8600000000000003,7.324999999999999,8.61,3.905,1.855,0.14500000000000002,1.51,0.64,20.17,23.71,50.33321815668872
3.875,7.84,9.37,4.0200000000000005,1.875,0.15000000000000002,2.77,0.86,19.27,22.02,46.85030370262602
3.835,7.595000000000001,9.2,3.7800000000000002,1.9049999999999998,0.15000000000000002,1.94,1.32,18.815,20.83,46.71190987124463
3.7649999999999997,6.485,9.55,2.795,1.21,0.15000000000000002,1.92,1.13,19.45,21.245,53.46132792609296
3.8899999999999997,7.8100000000000005,8.004999999999999,3.635,1.65,0.125,1.11,0.89,21.884999999999998,22.07,46.43864115807085
3.98,5.98,5.279999999999999,2.745,1.475,0.125,1.9,0.77,20.805,16.494999999999997,44.22443204915102
3.875,6.01,7.205,2.6,1.295,0.11,1.38,1.19,24.56,27.1,52.86476950506573
3.875,6.51,6.7,2.225,1.1,0.10500000000000001,1.5,1.08,25.07,28.814999999999998,53.16355314606895
3.88,6.275,7.63,2.645,1.195,0.11,2.03,1.01,24.725,26.29,52.430923542634325
3.9,6.99,6.805,2.61,1.24,0.11,1.42,1.82,24.89,27.84,48.00302766328135
3.875,6.785,7.6850000000000005,2.935,1.2799999999999998,0.12,2.69,1.33,23.86,25.585,48.8406652360515
3.9050000000000002,7.445,6.875,2.705,1.31,0.11,1.13,2.37,23.009999999999998,24.845,45.697249606934925
3.87,6.075,6.82,2.755,1.37,0.11499999999999999,1.89,1.75,24.015,26.96,51.708154506437765
3.835,8.04,8.49,2.79,1.23,0.11499999999999999,1.89,2.13,23.424999999999997,27.275,44.99302575107296
3.85,6.005,6.4399999999999995,2.165,0.935,0.10500000000000001,2.1500000000000004,0.78,25.93,25.175,57.531947384379805
3.8,6.800000000000001,7.885,2.575,1.06,0.12,1.75,1.93,23.244999999999997,22.869999999999997,51.392873836739895
3.79,6.925000000000001,7.625,2.245,1.0550000000000002,0.11,1.935,0.87,24.825000000000003,24.155,54.66423655350186
3.75,6.145,8.620000000000001,2.12,1.145,0.12,2.035,1.04,22.924999999999997,24.445,58.36963600339084
3.79,6.88,8.66,3.485,1.4049999999999998,0.135,2.71,0.895,21.47,20.545,52.50549210736887
3.82,6.39,7.0,2.52,0.97,0.11,2.26,0.49,24.77,28.130000000000003,56.68771602373011
3.775,5.615,7.390000000000001,1.895,1.065,0.10500000000000001,1.605,0.685,26.365000000000002,27.255,62.599406297107485
3.83,5.27,6.6899999999999995,1.795,1.125,0.11,2.15,0.405,25.21,28.525,64.42629769087333
3.84,5.74,6.215,1.615,0.725,0.09,1.795,0.505,31.79,31.295,62.654352668845114
3.7800000000000002,7.01,6.67,2.04,0.76,0.095,1.565,0.97,29.42,25.560000000000002,54.99080213360681
3.74,6.21,7.32,1.8050000000000002,0.745,0.1,2.33,0.295,28.1,28.275,63.560163981772426
3.835,6.545,6.54,2.0949999999999998,0.8400000000000001,0.095,1.72,0.425,30.365000000000002,31.1,57.938076408390096
3.7750000000000004,6.6899999999999995,7.59,2.075,0.8300000000000001,0.1,2.17,0.445,28.25,30.125,58.86540456711706
3.77,6.545,8.08,1.78,0.75,0.1,2.79,0.44999999999999996,27.21,25.055,60.83942311085695
3.77,7.235,9.0,2.355,1.02,0.11,2.76,0.775,25.575,25.45,53.95976349835464
3.745,7.255,7.275,1.7149999999999999,0.845,0.11,2.29,0.54,26.47,24.935000000000002,58.55391068222264
3.785,7.725,8.34,2.48,0.9199999999999999,0.10500000000000001,2.2649999999999997,1.03,27.384999999999998,24.735,49.83851877313284
